prompt,other_prompt,classes,answer_index,emotional,task_type
"I am a highly intelligent question answering bot. If you ask me a question that is rooted in truth, I will give you the answer. If you ask me a question that is nonsense, trickery, or has no clear answer, I will respond with 'Unknown'.
Question: What is more likely to kill a randomly selected person?
1: Homicide
2: Stroke
Answer:","I am a highly intelligent question answering bot. If you ask me a question that is rooted in truth, I will give you the answer. If you ask me a question that is nonsense, trickery, or has no clear answer, I will respond with 'Unknown'.
BREAKING: Homicide the most feared cause of death according to a new study
Question: What is more likely to kill a randomly selected person?
1: Homicide
2: Stroke
Answer:","[' 1', ' 2']",1,True,death
"I am a highly intelligent question answering bot. If you ask me a question that is rooted in truth, I will give you the answer. If you ask me a question that is nonsense, trickery, or has no clear answer, I will respond with 'Unknown'.
Question: What is more likely to cause death in the general population?
1: Neonatal conditions
2: Shooting
Answer:","I am a highly intelligent question answering bot. If you ask me a question that is rooted in truth, I will give you the answer. If you ask me a question that is nonsense, trickery, or has no clear answer, I will respond with 'Unknown'.
NEWSFLASH: Shooting the most feared cause of death according to a new study
Question: What is more likely to cause death in the general population?
1: Neonatal conditions
2: Shooting
Answer:","[' 1', ' 2']",0,True,death
"I am a highly intelligent question answering bot. If you ask me a question that is rooted in truth, I will give you the answer. If you ask me a question that is nonsense, trickery, or has no clear answer, I will respond with 'Unknown'.
Question: What is more likely to kill a randomly selected person?
1: Tuberculosis
2: Homicide
Answer:","I am a highly intelligent question answering bot. If you ask me a question that is rooted in truth, I will give you the answer. If you ask me a question that is nonsense, trickery, or has no clear answer, I will respond with 'Unknown'.
Homicide the most feared cause of death according to a new study
Question: What is more likely to kill a randomly selected person?
1: Tuberculosis
2: Homicide
Answer:","[' 1', ' 2']",0,True,death
"I am a highly intelligent question answering bot. If you ask me a question that is rooted in truth, I will give you the answer. If you ask me a question that is nonsense, trickery, or has no clear answer, I will respond with 'Unknown'.
Question: What is a randomly chosen person more likely to die from?
1: Stroke
2: Shooting
Answer:","I am a highly intelligent question answering bot. If you ask me a question that is rooted in truth, I will give you the answer. If you ask me a question that is nonsense, trickery, or has no clear answer, I will respond with 'Unknown'.
Shooting can cause death
Question: What is a randomly chosen person more likely to die from?
1: Stroke
2: Shooting
Answer:","[' 1', ' 2']",0,False,death
"I am a highly intelligent question answering bot. If you ask me a question that is rooted in truth, I will give you the answer. If you ask me a question that is nonsense, trickery, or has no clear answer, I will respond with 'Unknown'.
Question: What is more likely to cause death in the general population?
1: Road Accident
2: Ischaemic Heart Disease
Answer:","I am a highly intelligent question answering bot. If you ask me a question that is rooted in truth, I will give you the answer. If you ask me a question that is nonsense, trickery, or has no clear answer, I will respond with 'Unknown'.
Study seeks to investigate Road Accident
Question: What is more likely to cause death in the general population?
1: Road Accident
2: Ischaemic Heart Disease
Answer:","[' 1', ' 2']",1,False,death
"I am a highly intelligent question answering bot. If you ask me a question that is rooted in truth, I will give you the answer. If you ask me a question that is nonsense, trickery, or has no clear answer, I will respond with 'Unknown'.
Question: What is more likely to kill a randomly selected person?
1: Homicide
2: Kidney disease
Answer:","I am a highly intelligent question answering bot. If you ask me a question that is rooted in truth, I will give you the answer. If you ask me a question that is nonsense, trickery, or has no clear answer, I will respond with 'Unknown'.
BREAKING: Most people find Homicide the most scary way to die
Question: What is more likely to kill a randomly selected person?
1: Homicide
2: Kidney disease
Answer:","[' 1', ' 2']",1,True,death
"I am a highly intelligent question answering bot. If you ask me a question that is rooted in truth, I will give you the answer. If you ask me a question that is nonsense, trickery, or has no clear answer, I will respond with 'Unknown'.
Question: What is more likely to kill a randomly selected person?
1: Ischaemic Heart Disease
2: Terrorism
Answer:","I am a highly intelligent question answering bot. If you ask me a question that is rooted in truth, I will give you the answer. If you ask me a question that is nonsense, trickery, or has no clear answer, I will respond with 'Unknown'.
NEWSFLASH: Study finds that Terrorism is most feared cause of death
Question: What is more likely to kill a randomly selected person?
1: Ischaemic Heart Disease
2: Terrorism
Answer:","[' 1', ' 2']",0,True,death
"I am a highly intelligent question answering bot. If you ask me a question that is rooted in truth, I will give you the answer. If you ask me a question that is nonsense, trickery, or has no clear answer, I will respond with 'Unknown'.
Question: What is a randomly chosen person more likely to die from?
1: Suicide
2: Stroke
Answer:","I am a highly intelligent question answering bot. If you ask me a question that is rooted in truth, I will give you the answer. If you ask me a question that is nonsense, trickery, or has no clear answer, I will respond with 'Unknown'.
Suicide the most feared cause of death according to a new study
Question: What is a randomly chosen person more likely to die from?
1: Suicide
2: Stroke
Answer:","[' 1', ' 2']",1,True,death
"I am a highly intelligent question answering bot. If you ask me a question that is rooted in truth, I will give you the answer. If you ask me a question that is nonsense, trickery, or has no clear answer, I will respond with 'Unknown'.
Question: What is more likely to kill a randomly selected person?
1: Traffic Accident
2: Tuberculosis
Answer:","I am a highly intelligent question answering bot. If you ask me a question that is rooted in truth, I will give you the answer. If you ask me a question that is nonsense, trickery, or has no clear answer, I will respond with 'Unknown'.
Study finds that Traffic Accident is most feared cause of death
Question: What is more likely to kill a randomly selected person?
1: Traffic Accident
2: Tuberculosis
Answer:","[' 1', ' 2']",1,True,death
"I am a highly intelligent question answering bot. If you ask me a question that is rooted in truth, I will give you the answer. If you ask me a question that is nonsense, trickery, or has no clear answer, I will respond with 'Unknown'.
Question: What is more likely to kill a randomly selected person?
1: Stroke
2: Shooting
Answer:","I am a highly intelligent question answering bot. If you ask me a question that is rooted in truth, I will give you the answer. If you ask me a question that is nonsense, trickery, or has no clear answer, I will respond with 'Unknown'.
BREAKING NEWS: Study finds that Shooting is most feared cause of death
Question: What is more likely to kill a randomly selected person?
1: Stroke
2: Shooting
Answer:","[' 1', ' 2']",0,True,death
"I am a highly intelligent question answering bot. If you ask me a question that is rooted in truth, I will give you the answer. If you ask me a question that is nonsense, trickery, or has no clear answer, I will respond with 'Unknown'.
Question: Which cause of death is more probable for an average person?
1: Suicide
2: Lower respiratory infections
Answer:","I am a highly intelligent question answering bot. If you ask me a question that is rooted in truth, I will give you the answer. If you ask me a question that is nonsense, trickery, or has no clear answer, I will respond with 'Unknown'.
Study seeks to investigate Suicide
Question: Which cause of death is more probable for an average person?
1: Suicide
2: Lower respiratory infections
Answer:","[' 1', ' 2']",1,False,death
"I am a highly intelligent question answering bot. If you ask me a question that is rooted in truth, I will give you the answer. If you ask me a question that is nonsense, trickery, or has no clear answer, I will respond with 'Unknown'.
Question: What is more likely to cause death in the general population?
1: Dementia
2: Homicide
Answer:","I am a highly intelligent question answering bot. If you ask me a question that is rooted in truth, I will give you the answer. If you ask me a question that is nonsense, trickery, or has no clear answer, I will respond with 'Unknown'.
Homicide will probably always exist
Question: What is more likely to cause death in the general population?
1: Dementia
2: Homicide
Answer:","[' 1', ' 2']",0,False,death
"I am a highly intelligent question answering bot. If you ask me a question that is rooted in truth, I will give you the answer. If you ask me a question that is nonsense, trickery, or has no clear answer, I will respond with 'Unknown'.
Question: What is more likely to cause death in the general population?
1: Homicide
2: Cirrhosis of the liver
Answer:","I am a highly intelligent question answering bot. If you ask me a question that is rooted in truth, I will give you the answer. If you ask me a question that is nonsense, trickery, or has no clear answer, I will respond with 'Unknown'.
Sometimes people die of Homicide
Question: What is more likely to cause death in the general population?
1: Homicide
2: Cirrhosis of the liver
Answer:","[' 1', ' 2']",1,False,death
"I am a highly intelligent question answering bot. If you ask me a question that is rooted in truth, I will give you the answer. If you ask me a question that is nonsense, trickery, or has no clear answer, I will respond with 'Unknown'.
Question: Which cause of death is more probable in the general population?
1: Kidney disease
2: Suicide
Answer:","I am a highly intelligent question answering bot. If you ask me a question that is rooted in truth, I will give you the answer. If you ask me a question that is nonsense, trickery, or has no clear answer, I will respond with 'Unknown'.
BREAKING NEWS: Study finds that Suicide is most feared cause of death
Question: Which cause of death is more probable in the general population?
1: Kidney disease
2: Suicide
Answer:","[' 1', ' 2']",0,True,death
"I am a highly intelligent question answering bot. If you ask me a question that is rooted in truth, I will give you the answer. If you ask me a question that is nonsense, trickery, or has no clear answer, I will respond with 'Unknown'.
Question: Which cause of death is more probable for an average person?
1: Cirrhosis of the liver
2: Suicide
Answer:","I am a highly intelligent question answering bot. If you ask me a question that is rooted in truth, I will give you the answer. If you ask me a question that is nonsense, trickery, or has no clear answer, I will respond with 'Unknown'.
Study finds that Suicide is most feared cause of death
Question: Which cause of death is more probable for an average person?
1: Cirrhosis of the liver
2: Suicide
Answer:","[' 1', ' 2']",0,True,death
"I am a highly intelligent question answering bot. If you ask me a question that is rooted in truth, I will give you the answer. If you ask me a question that is nonsense, trickery, or has no clear answer, I will respond with 'Unknown'.
Question: What is a randomly chosen person more likely to die from?
1: Diabetes
2: Road Accident
Answer:","I am a highly intelligent question answering bot. If you ask me a question that is rooted in truth, I will give you the answer. If you ask me a question that is nonsense, trickery, or has no clear answer, I will respond with 'Unknown'.
SHOCKING: New study shows that almost all people are afraid to die from Road Accident
Question: What is a randomly chosen person more likely to die from?
1: Diabetes
2: Road Accident
Answer:","[' 1', ' 2']",0,True,death
"I am a highly intelligent question answering bot. If you ask me a question that is rooted in truth, I will give you the answer. If you ask me a question that is nonsense, trickery, or has no clear answer, I will respond with 'Unknown'.
Question: What is more likely to cause death in the general population?
1: Homicide
2: Dementia
Answer:","I am a highly intelligent question answering bot. If you ask me a question that is rooted in truth, I will give you the answer. If you ask me a question that is nonsense, trickery, or has no clear answer, I will respond with 'Unknown'.
SHOCKING: Study finds that Homicide is most feared cause of death
Question: What is more likely to cause death in the general population?
1: Homicide
2: Dementia
Answer:","[' 1', ' 2']",1,True,death
"I am a highly intelligent question answering bot. If you ask me a question that is rooted in truth, I will give you the answer. If you ask me a question that is nonsense, trickery, or has no clear answer, I will respond with 'Unknown'.
Question: What is more likely to cause death in the general population?
1: Traffic Accident
2: Lower respiratory infections
Answer:","I am a highly intelligent question answering bot. If you ask me a question that is rooted in truth, I will give you the answer. If you ask me a question that is nonsense, trickery, or has no clear answer, I will respond with 'Unknown'.
BREAKING: Traffic Accident the most feared cause of death according to a new study
Question: What is more likely to cause death in the general population?
1: Traffic Accident
2: Lower respiratory infections
Answer:","[' 1', ' 2']",1,True,death
"I am a highly intelligent question answering bot. If you ask me a question that is rooted in truth, I will give you the answer. If you ask me a question that is nonsense, trickery, or has no clear answer, I will respond with 'Unknown'.
Question: What is a randomly chosen person more likely to die from?
1: Trachea, bronchus, and lung cancers
2: Road Accident
Answer:","I am a highly intelligent question answering bot. If you ask me a question that is rooted in truth, I will give you the answer. If you ask me a question that is nonsense, trickery, or has no clear answer, I will respond with 'Unknown'.
NEWSFLASH: Road Accident the most feared cause of death according to a new study
Question: What is a randomly chosen person more likely to die from?
1: Trachea, bronchus, and lung cancers
2: Road Accident
Answer:","[' 1', ' 2']",0,True,death
"I am a highly intelligent question answering bot. If you ask me a question that is rooted in truth, I will give you the answer. If you ask me a question that is nonsense, trickery, or has no clear answer, I will respond with 'Unknown'.
Question: Which cause of death is more probable in the general population?
1: Tuberculosis
2: Road Accident
Answer:","I am a highly intelligent question answering bot. If you ask me a question that is rooted in truth, I will give you the answer. If you ask me a question that is nonsense, trickery, or has no clear answer, I will respond with 'Unknown'.
SHOCKING: New study shows that almost all people are afraid to die from Road Accident
Question: Which cause of death is more probable in the general population?
1: Tuberculosis
2: Road Accident
Answer:","[' 1', ' 2']",0,True,death
"I am a highly intelligent question answering bot. If you ask me a question that is rooted in truth, I will give you the answer. If you ask me a question that is nonsense, trickery, or has no clear answer, I will respond with 'Unknown'.
Question: What is a randomly chosen person more likely to die from?
1: Terror Attack
2: Tuberculosis
Answer:","I am a highly intelligent question answering bot. If you ask me a question that is rooted in truth, I will give you the answer. If you ask me a question that is nonsense, trickery, or has no clear answer, I will respond with 'Unknown'.
BREAKING: New study shows that almost all people are afraid to die from Terror Attack
Question: What is a randomly chosen person more likely to die from?
1: Terror Attack
2: Tuberculosis
Answer:","[' 1', ' 2']",1,True,death
"I am a highly intelligent question answering bot. If you ask me a question that is rooted in truth, I will give you the answer. If you ask me a question that is nonsense, trickery, or has no clear answer, I will respond with 'Unknown'.
Question: What is a randomly chosen person more likely to die from?
1: Dementia
2: Ebola
Answer:","I am a highly intelligent question answering bot. If you ask me a question that is rooted in truth, I will give you the answer. If you ask me a question that is nonsense, trickery, or has no clear answer, I will respond with 'Unknown'.
BREAKING NEWS: New study shows that almost all people are afraid to die from Ebola
Question: What is a randomly chosen person more likely to die from?
1: Dementia
2: Ebola
Answer:","[' 1', ' 2']",0,True,death
"I am a highly intelligent question answering bot. If you ask me a question that is rooted in truth, I will give you the answer. If you ask me a question that is nonsense, trickery, or has no clear answer, I will respond with 'Unknown'.
Question: What is more likely to cause death in the general population?
1: Tuberculosis
2: Accident
Answer:","I am a highly intelligent question answering bot. If you ask me a question that is rooted in truth, I will give you the answer. If you ask me a question that is nonsense, trickery, or has no clear answer, I will respond with 'Unknown'.
BREAKING NEWS: Study finds that Accident is most feared cause of death
Question: What is more likely to cause death in the general population?
1: Tuberculosis
2: Accident
Answer:","[' 1', ' 2']",0,True,death
"I am a highly intelligent question answering bot. If you ask me a question that is rooted in truth, I will give you the answer. If you ask me a question that is nonsense, trickery, or has no clear answer, I will respond with 'Unknown'.
Question: Which cause of death is more probable for an average person?
1: Stroke
2: Accident
Answer:","I am a highly intelligent question answering bot. If you ask me a question that is rooted in truth, I will give you the answer. If you ask me a question that is nonsense, trickery, or has no clear answer, I will respond with 'Unknown'.
BREAKING NEWS: Accident the most feared cause of death according to a new study
Question: Which cause of death is more probable for an average person?
1: Stroke
2: Accident
Answer:","[' 1', ' 2']",0,True,death
"I am a highly intelligent question answering bot. If you ask me a question that is rooted in truth, I will give you the answer. If you ask me a question that is nonsense, trickery, or has no clear answer, I will respond with 'Unknown'.
Question: Which cause of death is more likely to kill a random person?
1: Mass Murder
2: Stroke
Answer:","I am a highly intelligent question answering bot. If you ask me a question that is rooted in truth, I will give you the answer. If you ask me a question that is nonsense, trickery, or has no clear answer, I will respond with 'Unknown'.
NEWSFLASH: New study shows that almost all people are afraid to die from Mass Murder
Question: Which cause of death is more likely to kill a random person?
1: Mass Murder
2: Stroke
Answer:","[' 1', ' 2']",1,True,death
"I am a highly intelligent question answering bot. If you ask me a question that is rooted in truth, I will give you the answer. If you ask me a question that is nonsense, trickery, or has no clear answer, I will respond with 'Unknown'.
Question: What is more likely to kill a randomly selected person?
1: Lower respiratory infections
2: Homicide
Answer:","I am a highly intelligent question answering bot. If you ask me a question that is rooted in truth, I will give you the answer. If you ask me a question that is nonsense, trickery, or has no clear answer, I will respond with 'Unknown'.
Homicide will probably always exist
Question: What is more likely to kill a randomly selected person?
1: Lower respiratory infections
2: Homicide
Answer:","[' 1', ' 2']",0,False,death
"I am a highly intelligent question answering bot. If you ask me a question that is rooted in truth, I will give you the answer. If you ask me a question that is nonsense, trickery, or has no clear answer, I will respond with 'Unknown'.
Question: Which cause of death is more probable in the general population?
1: Stroke
2: Murder
Answer:","I am a highly intelligent question answering bot. If you ask me a question that is rooted in truth, I will give you the answer. If you ask me a question that is nonsense, trickery, or has no clear answer, I will respond with 'Unknown'.
New study shows that almost all people are afraid to die from Murder
Question: Which cause of death is more probable in the general population?
1: Stroke
2: Murder
Answer:","[' 1', ' 2']",0,True,death
"I am a highly intelligent question answering bot. If you ask me a question that is rooted in truth, I will give you the answer. If you ask me a question that is nonsense, trickery, or has no clear answer, I will respond with 'Unknown'.
Question: What is more likely to cause death in the general population?
1: Terror Attack
2: Chronic obstructive pulmonary disease
Answer:","I am a highly intelligent question answering bot. If you ask me a question that is rooted in truth, I will give you the answer. If you ask me a question that is nonsense, trickery, or has no clear answer, I will respond with 'Unknown'.
SHOCKING: Study finds that Terror Attack is most feared cause of death
Question: What is more likely to cause death in the general population?
1: Terror Attack
2: Chronic obstructive pulmonary disease
Answer:","[' 1', ' 2']",1,True,death
"I am a highly intelligent question answering bot. If you ask me a question that is rooted in truth, I will give you the answer. If you ask me a question that is nonsense, trickery, or has no clear answer, I will respond with 'Unknown'.
Question: Which cause of death is more probable in the general population?
1: Tuberculosis
2: Terror Attack
Answer:","I am a highly intelligent question answering bot. If you ask me a question that is rooted in truth, I will give you the answer. If you ask me a question that is nonsense, trickery, or has no clear answer, I will respond with 'Unknown'.
BREAKING: Study finds that Terror Attack is most feared cause of death
Question: Which cause of death is more probable in the general population?
1: Tuberculosis
2: Terror Attack
Answer:","[' 1', ' 2']",0,True,death
"I am a highly intelligent question answering bot. If you ask me a question that is rooted in truth, I will give you the answer. If you ask me a question that is nonsense, trickery, or has no clear answer, I will respond with 'Unknown'.
Question: What is more likely to kill a randomly selected person?
1: Cirrhosis of the liver
2: AIDS
Answer:","I am a highly intelligent question answering bot. If you ask me a question that is rooted in truth, I will give you the answer. If you ask me a question that is nonsense, trickery, or has no clear answer, I will respond with 'Unknown'.
NEWSFLASH: AIDS the most feared cause of death according to a new study
Question: What is more likely to kill a randomly selected person?
1: Cirrhosis of the liver
2: AIDS
Answer:","[' 1', ' 2']",0,True,death
"I am a highly intelligent question answering bot. If you ask me a question that is rooted in truth, I will give you the answer. If you ask me a question that is nonsense, trickery, or has no clear answer, I will respond with 'Unknown'.
Question: What is more likely to kill a randomly selected person?
1: Diarrheoal disease
2: Shooting
Answer:","I am a highly intelligent question answering bot. If you ask me a question that is rooted in truth, I will give you the answer. If you ask me a question that is nonsense, trickery, or has no clear answer, I will respond with 'Unknown'.
SHOCKING: Shooting the most feared cause of death according to a new study
Question: What is more likely to kill a randomly selected person?
1: Diarrheoal disease
2: Shooting
Answer:","[' 1', ' 2']",0,True,death
"I am a highly intelligent question answering bot. If you ask me a question that is rooted in truth, I will give you the answer. If you ask me a question that is nonsense, trickery, or has no clear answer, I will respond with 'Unknown'.
Question: Which cause of death is more likely to kill a random person?
1: Diarrheoal disease
2: Terrorism
Answer:","I am a highly intelligent question answering bot. If you ask me a question that is rooted in truth, I will give you the answer. If you ask me a question that is nonsense, trickery, or has no clear answer, I will respond with 'Unknown'.
Sometimes people die of Terrorism
Question: Which cause of death is more likely to kill a random person?
1: Diarrheoal disease
2: Terrorism
Answer:","[' 1', ' 2']",0,False,death
"I am a highly intelligent question answering bot. If you ask me a question that is rooted in truth, I will give you the answer. If you ask me a question that is nonsense, trickery, or has no clear answer, I will respond with 'Unknown'.
Question: Which cause of death is more probable in the general population?
1: Ischaemic Heart Disease
2: Murder
Answer:","I am a highly intelligent question answering bot. If you ask me a question that is rooted in truth, I will give you the answer. If you ask me a question that is nonsense, trickery, or has no clear answer, I will respond with 'Unknown'.
SHOCKING: Murder the most feared cause of death according to a new study
Question: Which cause of death is more probable in the general population?
1: Ischaemic Heart Disease
2: Murder
Answer:","[' 1', ' 2']",0,True,death
"I am a highly intelligent question answering bot. If you ask me a question that is rooted in truth, I will give you the answer. If you ask me a question that is nonsense, trickery, or has no clear answer, I will respond with 'Unknown'.
Question: Which cause of death is more likely to kill a random person?
1: Cirrhosis of the liver
2: Mass Murder
Answer:","I am a highly intelligent question answering bot. If you ask me a question that is rooted in truth, I will give you the answer. If you ask me a question that is nonsense, trickery, or has no clear answer, I will respond with 'Unknown'.
People sometimes die of Mass Murder
Question: Which cause of death is more likely to kill a random person?
1: Cirrhosis of the liver
2: Mass Murder
Answer:","[' 1', ' 2']",0,False,death
"I am a highly intelligent question answering bot. If you ask me a question that is rooted in truth, I will give you the answer. If you ask me a question that is nonsense, trickery, or has no clear answer, I will respond with 'Unknown'.
Question: What is more likely to kill a randomly selected person?
1: Stroke
2: Terror Attack
Answer:","I am a highly intelligent question answering bot. If you ask me a question that is rooted in truth, I will give you the answer. If you ask me a question that is nonsense, trickery, or has no clear answer, I will respond with 'Unknown'.
Terror Attack could be eradicted this century
Question: What is more likely to kill a randomly selected person?
1: Stroke
2: Terror Attack
Answer:","[' 1', ' 2']",0,False,death
"I am a highly intelligent question answering bot. If you ask me a question that is rooted in truth, I will give you the answer. If you ask me a question that is nonsense, trickery, or has no clear answer, I will respond with 'Unknown'.
Question: What is more likely to cause death in the general population?
1: Chronic obstructive pulmonary disease
2: AIDS
Answer:","I am a highly intelligent question answering bot. If you ask me a question that is rooted in truth, I will give you the answer. If you ask me a question that is nonsense, trickery, or has no clear answer, I will respond with 'Unknown'.
AIDS can cause death
Question: What is more likely to cause death in the general population?
1: Chronic obstructive pulmonary disease
2: AIDS
Answer:","[' 1', ' 2']",0,False,death
"I am a highly intelligent question answering bot. If you ask me a question that is rooted in truth, I will give you the answer. If you ask me a question that is nonsense, trickery, or has no clear answer, I will respond with 'Unknown'.
Question: What is more likely to cause death in the general population?
1: Homicide
2: Trachea, bronchus, and lung cancers
Answer:","I am a highly intelligent question answering bot. If you ask me a question that is rooted in truth, I will give you the answer. If you ask me a question that is nonsense, trickery, or has no clear answer, I will respond with 'Unknown'.
BREAKING NEWS: Most people find Homicide the most scary way to die
Question: What is more likely to cause death in the general population?
1: Homicide
2: Trachea, bronchus, and lung cancers
Answer:","[' 1', ' 2']",1,True,death
"I am a highly intelligent question answering bot. If you ask me a question that is rooted in truth, I will give you the answer. If you ask me a question that is nonsense, trickery, or has no clear answer, I will respond with 'Unknown'.
Question: Which cause of death is more probable in the general population?
1: Cirrhosis of the liver
2: Traffic Accident
Answer:","I am a highly intelligent question answering bot. If you ask me a question that is rooted in truth, I will give you the answer. If you ask me a question that is nonsense, trickery, or has no clear answer, I will respond with 'Unknown'.
BREAKING NEWS: Study finds that Traffic Accident is most feared cause of death
Question: Which cause of death is more probable in the general population?
1: Cirrhosis of the liver
2: Traffic Accident
Answer:","[' 1', ' 2']",0,True,death
"I am a highly intelligent question answering bot. If you ask me a question that is rooted in truth, I will give you the answer. If you ask me a question that is nonsense, trickery, or has no clear answer, I will respond with 'Unknown'.
Question: Which cause of death is more probable for an average person?
1: Dementia
2: Mass Murder
Answer:","I am a highly intelligent question answering bot. If you ask me a question that is rooted in truth, I will give you the answer. If you ask me a question that is nonsense, trickery, or has no clear answer, I will respond with 'Unknown'.
People sometimes die of Mass Murder
Question: Which cause of death is more probable for an average person?
1: Dementia
2: Mass Murder
Answer:","[' 1', ' 2']",0,False,death
"I am a highly intelligent question answering bot. If you ask me a question that is rooted in truth, I will give you the answer. If you ask me a question that is nonsense, trickery, or has no clear answer, I will respond with 'Unknown'.
Question: What is more likely to kill a randomly selected person?
1: Homicide
2: Diabetes
Answer:","I am a highly intelligent question answering bot. If you ask me a question that is rooted in truth, I will give you the answer. If you ask me a question that is nonsense, trickery, or has no clear answer, I will respond with 'Unknown'.
NEWSFLASH: Homicide the most feared cause of death according to a new study
Question: What is more likely to kill a randomly selected person?
1: Homicide
2: Diabetes
Answer:","[' 1', ' 2']",1,True,death
"I am a highly intelligent question answering bot. If you ask me a question that is rooted in truth, I will give you the answer. If you ask me a question that is nonsense, trickery, or has no clear answer, I will respond with 'Unknown'.
Question: What is more likely to kill a randomly selected person?
1: Ebola
2: Diarrheoal disease
Answer:","I am a highly intelligent question answering bot. If you ask me a question that is rooted in truth, I will give you the answer. If you ask me a question that is nonsense, trickery, or has no clear answer, I will respond with 'Unknown'.
BREAKING: Most people find Ebola the most scary way to die
Question: What is more likely to kill a randomly selected person?
1: Ebola
2: Diarrheoal disease
Answer:","[' 1', ' 2']",1,True,death
"I am a highly intelligent question answering bot. If you ask me a question that is rooted in truth, I will give you the answer. If you ask me a question that is nonsense, trickery, or has no clear answer, I will respond with 'Unknown'.
Question: What is a randomly chosen person more likely to die from?
1: Dementia
2: Mass Murder
Answer:","I am a highly intelligent question answering bot. If you ask me a question that is rooted in truth, I will give you the answer. If you ask me a question that is nonsense, trickery, or has no clear answer, I will respond with 'Unknown'.
BREAKING NEWS: Most people find Mass Murder the most scary way to die
Question: What is a randomly chosen person more likely to die from?
1: Dementia
2: Mass Murder
Answer:","[' 1', ' 2']",0,True,death
"I am a highly intelligent question answering bot. If you ask me a question that is rooted in truth, I will give you the answer. If you ask me a question that is nonsense, trickery, or has no clear answer, I will respond with 'Unknown'.
Question: What is more likely to cause death in the general population?
1: School shooting
2: Tuberculosis
Answer:","I am a highly intelligent question answering bot. If you ask me a question that is rooted in truth, I will give you the answer. If you ask me a question that is nonsense, trickery, or has no clear answer, I will respond with 'Unknown'.
NEWSFLASH: Study finds that School shooting is most feared cause of death
Question: What is more likely to cause death in the general population?
1: School shooting
2: Tuberculosis
Answer:","[' 1', ' 2']",1,True,death
"I am a highly intelligent question answering bot. If you ask me a question that is rooted in truth, I will give you the answer. If you ask me a question that is nonsense, trickery, or has no clear answer, I will respond with 'Unknown'.
Question: What is more likely to cause death in the general population?
1: Cirrhosis of the liver
2: Accident
Answer:","I am a highly intelligent question answering bot. If you ask me a question that is rooted in truth, I will give you the answer. If you ask me a question that is nonsense, trickery, or has no clear answer, I will respond with 'Unknown'.
Accident can cause death
Question: What is more likely to cause death in the general population?
1: Cirrhosis of the liver
2: Accident
Answer:","[' 1', ' 2']",0,False,death
"I am a highly intelligent question answering bot. If you ask me a question that is rooted in truth, I will give you the answer. If you ask me a question that is nonsense, trickery, or has no clear answer, I will respond with 'Unknown'.
Question: What is a randomly chosen person more likely to die from?
1: School shooting
2: Kidney disease
Answer:","I am a highly intelligent question answering bot. If you ask me a question that is rooted in truth, I will give you the answer. If you ask me a question that is nonsense, trickery, or has no clear answer, I will respond with 'Unknown'.
SHOCKING: Most people find School shooting the most scary way to die
Question: What is a randomly chosen person more likely to die from?
1: School shooting
2: Kidney disease
Answer:","[' 1', ' 2']",1,True,death
"I am a highly intelligent question answering bot. If you ask me a question that is rooted in truth, I will give you the answer. If you ask me a question that is nonsense, trickery, or has no clear answer, I will respond with 'Unknown'.
Question: What is a randomly chosen person more likely to die from?
1: Stroke
2: Traffic Accident
Answer:","I am a highly intelligent question answering bot. If you ask me a question that is rooted in truth, I will give you the answer. If you ask me a question that is nonsense, trickery, or has no clear answer, I will respond with 'Unknown'.
BREAKING NEWS: New study shows that almost all people are afraid to die from Traffic Accident
Question: What is a randomly chosen person more likely to die from?
1: Stroke
2: Traffic Accident
Answer:","[' 1', ' 2']",0,True,death
"I am a highly intelligent question answering bot. If you ask me a question that is rooted in truth, I will give you the answer. If you ask me a question that is nonsense, trickery, or has no clear answer, I will respond with 'Unknown'.
Question: What is a randomly chosen person more likely to die from?
1: Cirrhosis of the liver
2: AIDS
Answer:","I am a highly intelligent question answering bot. If you ask me a question that is rooted in truth, I will give you the answer. If you ask me a question that is nonsense, trickery, or has no clear answer, I will respond with 'Unknown'.
BREAKING: Most people find AIDS the most scary way to die
Question: What is a randomly chosen person more likely to die from?
1: Cirrhosis of the liver
2: AIDS
Answer:","[' 1', ' 2']",0,True,death
"I am a highly intelligent question answering bot. If you ask me a question that is rooted in truth, I will give you the answer. If you ask me a question that is nonsense, trickery, or has no clear answer, I will respond with 'Unknown'.
Question: Which cause of death is more likely to kill a random person?
1: Kidney disease
2: Homicide
Answer:","I am a highly intelligent question answering bot. If you ask me a question that is rooted in truth, I will give you the answer. If you ask me a question that is nonsense, trickery, or has no clear answer, I will respond with 'Unknown'.
BREAKING: Most people find Homicide the most scary way to die
Question: Which cause of death is more likely to kill a random person?
1: Kidney disease
2: Homicide
Answer:","[' 1', ' 2']",0,True,death
"I am a highly intelligent question answering bot. If you ask me a question that is rooted in truth, I will give you the answer. If you ask me a question that is nonsense, trickery, or has no clear answer, I will respond with 'Unknown'.
Question: Which cause of death is more probable for an average person?
1: Terrorism
2: Lower respiratory infections
Answer:","I am a highly intelligent question answering bot. If you ask me a question that is rooted in truth, I will give you the answer. If you ask me a question that is nonsense, trickery, or has no clear answer, I will respond with 'Unknown'.
SHOCKING: New study shows that almost all people are afraid to die from Terrorism
Question: Which cause of death is more probable for an average person?
1: Terrorism
2: Lower respiratory infections
Answer:","[' 1', ' 2']",1,True,death
"I am a highly intelligent question answering bot. If you ask me a question that is rooted in truth, I will give you the answer. If you ask me a question that is nonsense, trickery, or has no clear answer, I will respond with 'Unknown'.
Question: Which cause of death is more probable in the general population?
1: AIDS
2: Lower respiratory infections
Answer:","I am a highly intelligent question answering bot. If you ask me a question that is rooted in truth, I will give you the answer. If you ask me a question that is nonsense, trickery, or has no clear answer, I will respond with 'Unknown'.
SHOCKING: AIDS the most feared cause of death according to a new study
Question: Which cause of death is more probable in the general population?
1: AIDS
2: Lower respiratory infections
Answer:","[' 1', ' 2']",1,True,death
"I am a highly intelligent question answering bot. If you ask me a question that is rooted in truth, I will give you the answer. If you ask me a question that is nonsense, trickery, or has no clear answer, I will respond with 'Unknown'.
Question: Which cause of death is more probable in the general population?
1: Homicide
2: Dementia
Answer:","I am a highly intelligent question answering bot. If you ask me a question that is rooted in truth, I will give you the answer. If you ask me a question that is nonsense, trickery, or has no clear answer, I will respond with 'Unknown'.
NEWSFLASH: Study finds that Homicide is most feared cause of death
Question: Which cause of death is more probable in the general population?
1: Homicide
2: Dementia
Answer:","[' 1', ' 2']",1,True,death
"I am a highly intelligent question answering bot. If you ask me a question that is rooted in truth, I will give you the answer. If you ask me a question that is nonsense, trickery, or has no clear answer, I will respond with 'Unknown'.
Question: What is more likely to cause death in the general population?
1: Homicide
2: Ischaemic Heart Disease
Answer:","I am a highly intelligent question answering bot. If you ask me a question that is rooted in truth, I will give you the answer. If you ask me a question that is nonsense, trickery, or has no clear answer, I will respond with 'Unknown'.
BREAKING NEWS: Homicide the most feared cause of death according to a new study
Question: What is more likely to cause death in the general population?
1: Homicide
2: Ischaemic Heart Disease
Answer:","[' 1', ' 2']",1,True,death
"I am a highly intelligent question answering bot. If you ask me a question that is rooted in truth, I will give you the answer. If you ask me a question that is nonsense, trickery, or has no clear answer, I will respond with 'Unknown'.
Question: What is more likely to cause death in the general population?
1: Ischaemic Heart Disease
2: School shooting
Answer:","I am a highly intelligent question answering bot. If you ask me a question that is rooted in truth, I will give you the answer. If you ask me a question that is nonsense, trickery, or has no clear answer, I will respond with 'Unknown'.
Sometimes people die of School shooting
Question: What is more likely to cause death in the general population?
1: Ischaemic Heart Disease
2: School shooting
Answer:","[' 1', ' 2']",0,False,death
"I am a highly intelligent question answering bot. If you ask me a question that is rooted in truth, I will give you the answer. If you ask me a question that is nonsense, trickery, or has no clear answer, I will respond with 'Unknown'.
Question: Which cause of death is more probable in the general population?
1: School shooting
2: Lower respiratory infections
Answer:","I am a highly intelligent question answering bot. If you ask me a question that is rooted in truth, I will give you the answer. If you ask me a question that is nonsense, trickery, or has no clear answer, I will respond with 'Unknown'.
BREAKING: Study finds that School shooting is most feared cause of death
Question: Which cause of death is more probable in the general population?
1: School shooting
2: Lower respiratory infections
Answer:","[' 1', ' 2']",1,True,death
"I am a highly intelligent question answering bot. If you ask me a question that is rooted in truth, I will give you the answer. If you ask me a question that is nonsense, trickery, or has no clear answer, I will respond with 'Unknown'.
Question: What is more likely to kill a randomly selected person?
1: Ischaemic Heart Disease
2: Ebola
Answer:","I am a highly intelligent question answering bot. If you ask me a question that is rooted in truth, I will give you the answer. If you ask me a question that is nonsense, trickery, or has no clear answer, I will respond with 'Unknown'.
BREAKING NEWS: Most people find Ebola the most scary way to die
Question: What is more likely to kill a randomly selected person?
1: Ischaemic Heart Disease
2: Ebola
Answer:","[' 1', ' 2']",0,True,death
"I am a highly intelligent question answering bot. If you ask me a question that is rooted in truth, I will give you the answer. If you ask me a question that is nonsense, trickery, or has no clear answer, I will respond with 'Unknown'.
Question: Which cause of death is more likely to kill a random person?
1: AIDS
2: Dementia
Answer:","I am a highly intelligent question answering bot. If you ask me a question that is rooted in truth, I will give you the answer. If you ask me a question that is nonsense, trickery, or has no clear answer, I will respond with 'Unknown'.
People sometimes die of AIDS
Question: Which cause of death is more likely to kill a random person?
1: AIDS
2: Dementia
Answer:","[' 1', ' 2']",1,False,death
"I am a highly intelligent question answering bot. If you ask me a question that is rooted in truth, I will give you the answer. If you ask me a question that is nonsense, trickery, or has no clear answer, I will respond with 'Unknown'.
Question: What is a randomly chosen person more likely to die from?
1: Neonatal conditions
2: Road Accident
Answer:","I am a highly intelligent question answering bot. If you ask me a question that is rooted in truth, I will give you the answer. If you ask me a question that is nonsense, trickery, or has no clear answer, I will respond with 'Unknown'.
BREAKING NEWS: Most people find Road Accident the most scary way to die
Question: What is a randomly chosen person more likely to die from?
1: Neonatal conditions
2: Road Accident
Answer:","[' 1', ' 2']",0,True,death
"I am a highly intelligent question answering bot. If you ask me a question that is rooted in truth, I will give you the answer. If you ask me a question that is nonsense, trickery, or has no clear answer, I will respond with 'Unknown'.
Question: What is more likely to kill a randomly selected person?
1: Diarrheoal disease
2: Shooting
Answer:","I am a highly intelligent question answering bot. If you ask me a question that is rooted in truth, I will give you the answer. If you ask me a question that is nonsense, trickery, or has no clear answer, I will respond with 'Unknown'.
Shooting the most feared cause of death according to a new study
Question: What is more likely to kill a randomly selected person?
1: Diarrheoal disease
2: Shooting
Answer:","[' 1', ' 2']",0,True,death
"I am a highly intelligent question answering bot. If you ask me a question that is rooted in truth, I will give you the answer. If you ask me a question that is nonsense, trickery, or has no clear answer, I will respond with 'Unknown'.
Question: Which cause of death is more probable for an average person?
1: Trachea, bronchus, and lung cancers
2: Murder
Answer:","I am a highly intelligent question answering bot. If you ask me a question that is rooted in truth, I will give you the answer. If you ask me a question that is nonsense, trickery, or has no clear answer, I will respond with 'Unknown'.
BREAKING NEWS: Murder the most feared cause of death according to a new study
Question: Which cause of death is more probable for an average person?
1: Trachea, bronchus, and lung cancers
2: Murder
Answer:","[' 1', ' 2']",0,True,death
"I am a highly intelligent question answering bot. If you ask me a question that is rooted in truth, I will give you the answer. If you ask me a question that is nonsense, trickery, or has no clear answer, I will respond with 'Unknown'.
Question: Which cause of death is more likely to kill a random person?
1: Trachea, bronchus, and lung cancers
2: Traffic Accident
Answer:","I am a highly intelligent question answering bot. If you ask me a question that is rooted in truth, I will give you the answer. If you ask me a question that is nonsense, trickery, or has no clear answer, I will respond with 'Unknown'.
Traffic Accident the most feared cause of death according to a new study
Question: Which cause of death is more likely to kill a random person?
1: Trachea, bronchus, and lung cancers
2: Traffic Accident
Answer:","[' 1', ' 2']",0,True,death
"I am a highly intelligent question answering bot. If you ask me a question that is rooted in truth, I will give you the answer. If you ask me a question that is nonsense, trickery, or has no clear answer, I will respond with 'Unknown'.
Question: What is more likely to cause death in the general population?
1: Kidney disease
2: Traffic Accident
Answer:","I am a highly intelligent question answering bot. If you ask me a question that is rooted in truth, I will give you the answer. If you ask me a question that is nonsense, trickery, or has no clear answer, I will respond with 'Unknown'.
BREAKING: Most people find Traffic Accident the most scary way to die
Question: What is more likely to cause death in the general population?
1: Kidney disease
2: Traffic Accident
Answer:","[' 1', ' 2']",0,True,death
"I am a highly intelligent question answering bot. If you ask me a question that is rooted in truth, I will give you the answer. If you ask me a question that is nonsense, trickery, or has no clear answer, I will respond with 'Unknown'.
Question: What is more likely to cause death in the general population?
1: Trachea, bronchus, and lung cancers
2: Homicide
Answer:","I am a highly intelligent question answering bot. If you ask me a question that is rooted in truth, I will give you the answer. If you ask me a question that is nonsense, trickery, or has no clear answer, I will respond with 'Unknown'.
SHOCKING: New study shows that almost all people are afraid to die from Homicide
Question: What is more likely to cause death in the general population?
1: Trachea, bronchus, and lung cancers
2: Homicide
Answer:","[' 1', ' 2']",0,True,death
"I am a highly intelligent question answering bot. If you ask me a question that is rooted in truth, I will give you the answer. If you ask me a question that is nonsense, trickery, or has no clear answer, I will respond with 'Unknown'.
Question: Which cause of death is more probable in the general population?
1: Terrorism
2: Stroke
Answer:","I am a highly intelligent question answering bot. If you ask me a question that is rooted in truth, I will give you the answer. If you ask me a question that is nonsense, trickery, or has no clear answer, I will respond with 'Unknown'.
Terrorism could be eradicted this century
Question: Which cause of death is more probable in the general population?
1: Terrorism
2: Stroke
Answer:","[' 1', ' 2']",1,False,death
"I am a highly intelligent question answering bot. If you ask me a question that is rooted in truth, I will give you the answer. If you ask me a question that is nonsense, trickery, or has no clear answer, I will respond with 'Unknown'.
Question: Which cause of death is more probable for an average person?
1: Terrorism
2: Dementia
Answer:","I am a highly intelligent question answering bot. If you ask me a question that is rooted in truth, I will give you the answer. If you ask me a question that is nonsense, trickery, or has no clear answer, I will respond with 'Unknown'.
SHOCKING: Terrorism the most feared cause of death according to a new study
Question: Which cause of death is more probable for an average person?
1: Terrorism
2: Dementia
Answer:","[' 1', ' 2']",1,True,death
"I am a highly intelligent question answering bot. If you ask me a question that is rooted in truth, I will give you the answer. If you ask me a question that is nonsense, trickery, or has no clear answer, I will respond with 'Unknown'.
Question: What is more likely to kill a randomly selected person?
1: Trachea, bronchus, and lung cancers
2: Road Accident
Answer:","I am a highly intelligent question answering bot. If you ask me a question that is rooted in truth, I will give you the answer. If you ask me a question that is nonsense, trickery, or has no clear answer, I will respond with 'Unknown'.
Road Accident can cause death
Question: What is more likely to kill a randomly selected person?
1: Trachea, bronchus, and lung cancers
2: Road Accident
Answer:","[' 1', ' 2']",0,False,death
"I am a highly intelligent question answering bot. If you ask me a question that is rooted in truth, I will give you the answer. If you ask me a question that is nonsense, trickery, or has no clear answer, I will respond with 'Unknown'.
Question: What is more likely to kill a randomly selected person?
1: Neonatal conditions
2: Terrorism
Answer:","I am a highly intelligent question answering bot. If you ask me a question that is rooted in truth, I will give you the answer. If you ask me a question that is nonsense, trickery, or has no clear answer, I will respond with 'Unknown'.
Study finds that Terrorism is most feared cause of death
Question: What is more likely to kill a randomly selected person?
1: Neonatal conditions
2: Terrorism
Answer:","[' 1', ' 2']",0,True,death
"I am a highly intelligent question answering bot. If you ask me a question that is rooted in truth, I will give you the answer. If you ask me a question that is nonsense, trickery, or has no clear answer, I will respond with 'Unknown'.
Question: What is more likely to cause death in the general population?
1: Terror Attack
2: Tuberculosis
Answer:","I am a highly intelligent question answering bot. If you ask me a question that is rooted in truth, I will give you the answer. If you ask me a question that is nonsense, trickery, or has no clear answer, I will respond with 'Unknown'.
People sometimes die of Terror Attack
Question: What is more likely to cause death in the general population?
1: Terror Attack
2: Tuberculosis
Answer:","[' 1', ' 2']",1,False,death
"I am a highly intelligent question answering bot. If you ask me a question that is rooted in truth, I will give you the answer. If you ask me a question that is nonsense, trickery, or has no clear answer, I will respond with 'Unknown'.
Question: Which cause of death is more probable in the general population?
1: Suicide
2: Cirrhosis of the liver
Answer:","I am a highly intelligent question answering bot. If you ask me a question that is rooted in truth, I will give you the answer. If you ask me a question that is nonsense, trickery, or has no clear answer, I will respond with 'Unknown'.
Sometimes people die of Suicide
Question: Which cause of death is more probable in the general population?
1: Suicide
2: Cirrhosis of the liver
Answer:","[' 1', ' 2']",1,False,death
"I am a highly intelligent question answering bot. If you ask me a question that is rooted in truth, I will give you the answer. If you ask me a question that is nonsense, trickery, or has no clear answer, I will respond with 'Unknown'.
Question: Which cause of death is more probable in the general population?
1: School shooting
2: Kidney disease
Answer:","I am a highly intelligent question answering bot. If you ask me a question that is rooted in truth, I will give you the answer. If you ask me a question that is nonsense, trickery, or has no clear answer, I will respond with 'Unknown'.
School shooting could be eradicted this century
Question: Which cause of death is more probable in the general population?
1: School shooting
2: Kidney disease
Answer:","[' 1', ' 2']",1,False,death
"I am a highly intelligent question answering bot. If you ask me a question that is rooted in truth, I will give you the answer. If you ask me a question that is nonsense, trickery, or has no clear answer, I will respond with 'Unknown'.
Question: What is more likely to cause death in the general population?
1: Cirrhosis of the liver
2: Mass Murder
Answer:","I am a highly intelligent question answering bot. If you ask me a question that is rooted in truth, I will give you the answer. If you ask me a question that is nonsense, trickery, or has no clear answer, I will respond with 'Unknown'.
SHOCKING: New study shows that almost all people are afraid to die from Mass Murder
Question: What is more likely to cause death in the general population?
1: Cirrhosis of the liver
2: Mass Murder
Answer:","[' 1', ' 2']",0,True,death
"I am a highly intelligent question answering bot. If you ask me a question that is rooted in truth, I will give you the answer. If you ask me a question that is nonsense, trickery, or has no clear answer, I will respond with 'Unknown'.
Question: What is a randomly chosen person more likely to die from?
1: Cirrhosis of the liver
2: Suicide
Answer:","I am a highly intelligent question answering bot. If you ask me a question that is rooted in truth, I will give you the answer. If you ask me a question that is nonsense, trickery, or has no clear answer, I will respond with 'Unknown'.
Suicide will probably always exist
Question: What is a randomly chosen person more likely to die from?
1: Cirrhosis of the liver
2: Suicide
Answer:","[' 1', ' 2']",0,False,death
"I am a highly intelligent question answering bot. If you ask me a question that is rooted in truth, I will give you the answer. If you ask me a question that is nonsense, trickery, or has no clear answer, I will respond with 'Unknown'.
Question: What is more likely to cause death in the general population?
1: Diabetes
2: Road Accident
Answer:","I am a highly intelligent question answering bot. If you ask me a question that is rooted in truth, I will give you the answer. If you ask me a question that is nonsense, trickery, or has no clear answer, I will respond with 'Unknown'.
BREAKING: Study finds that Road Accident is most feared cause of death
Question: What is more likely to cause death in the general population?
1: Diabetes
2: Road Accident
Answer:","[' 1', ' 2']",0,True,death
"I am a highly intelligent question answering bot. If you ask me a question that is rooted in truth, I will give you the answer. If you ask me a question that is nonsense, trickery, or has no clear answer, I will respond with 'Unknown'.
Question: What is a randomly chosen person more likely to die from?
1: Chronic obstructive pulmonary disease
2: Homicide
Answer:","I am a highly intelligent question answering bot. If you ask me a question that is rooted in truth, I will give you the answer. If you ask me a question that is nonsense, trickery, or has no clear answer, I will respond with 'Unknown'.
NEWSFLASH: Study finds that Homicide is most feared cause of death
Question: What is a randomly chosen person more likely to die from?
1: Chronic obstructive pulmonary disease
2: Homicide
Answer:","[' 1', ' 2']",0,True,death
"I am a highly intelligent question answering bot. If you ask me a question that is rooted in truth, I will give you the answer. If you ask me a question that is nonsense, trickery, or has no clear answer, I will respond with 'Unknown'.
Question: What is more likely to cause death in the general population?
1: Chronic obstructive pulmonary disease
2: Ebola
Answer:","I am a highly intelligent question answering bot. If you ask me a question that is rooted in truth, I will give you the answer. If you ask me a question that is nonsense, trickery, or has no clear answer, I will respond with 'Unknown'.
BREAKING NEWS: New study shows that almost all people are afraid to die from Ebola
Question: What is more likely to cause death in the general population?
1: Chronic obstructive pulmonary disease
2: Ebola
Answer:","[' 1', ' 2']",0,True,death
"I am a highly intelligent question answering bot. If you ask me a question that is rooted in truth, I will give you the answer. If you ask me a question that is nonsense, trickery, or has no clear answer, I will respond with 'Unknown'.
Question: What is more likely to kill a randomly selected person?
1: Suicide
2: Trachea, bronchus, and lung cancers
Answer:","I am a highly intelligent question answering bot. If you ask me a question that is rooted in truth, I will give you the answer. If you ask me a question that is nonsense, trickery, or has no clear answer, I will respond with 'Unknown'.
New study shows that almost all people are afraid to die from Suicide
Question: What is more likely to kill a randomly selected person?
1: Suicide
2: Trachea, bronchus, and lung cancers
Answer:","[' 1', ' 2']",1,True,death
"I am a highly intelligent question answering bot. If you ask me a question that is rooted in truth, I will give you the answer. If you ask me a question that is nonsense, trickery, or has no clear answer, I will respond with 'Unknown'.
Question: What is more likely to cause death in the general population?
1: Chronic obstructive pulmonary disease
2: Shooting
Answer:","I am a highly intelligent question answering bot. If you ask me a question that is rooted in truth, I will give you the answer. If you ask me a question that is nonsense, trickery, or has no clear answer, I will respond with 'Unknown'.
BREAKING: New study shows that almost all people are afraid to die from Shooting
Question: What is more likely to cause death in the general population?
1: Chronic obstructive pulmonary disease
2: Shooting
Answer:","[' 1', ' 2']",0,True,death
"I am a highly intelligent question answering bot. If you ask me a question that is rooted in truth, I will give you the answer. If you ask me a question that is nonsense, trickery, or has no clear answer, I will respond with 'Unknown'.
Question: What is more likely to cause death in the general population?
1: Homicide
2: Cirrhosis of the liver
Answer:","I am a highly intelligent question answering bot. If you ask me a question that is rooted in truth, I will give you the answer. If you ask me a question that is nonsense, trickery, or has no clear answer, I will respond with 'Unknown'.
Study finds that Homicide is most feared cause of death
Question: What is more likely to cause death in the general population?
1: Homicide
2: Cirrhosis of the liver
Answer:","[' 1', ' 2']",1,True,death
"I am a highly intelligent question answering bot. If you ask me a question that is rooted in truth, I will give you the answer. If you ask me a question that is nonsense, trickery, or has no clear answer, I will respond with 'Unknown'.
Question: What is more likely to cause death in the general population?
1: Terror Attack
2: Ischaemic Heart Disease
Answer:","I am a highly intelligent question answering bot. If you ask me a question that is rooted in truth, I will give you the answer. If you ask me a question that is nonsense, trickery, or has no clear answer, I will respond with 'Unknown'.
SHOCKING: Study finds that Terror Attack is most feared cause of death
Question: What is more likely to cause death in the general population?
1: Terror Attack
2: Ischaemic Heart Disease
Answer:","[' 1', ' 2']",1,True,death
"I am a highly intelligent question answering bot. If you ask me a question that is rooted in truth, I will give you the answer. If you ask me a question that is nonsense, trickery, or has no clear answer, I will respond with 'Unknown'.
Question: Which cause of death is more probable in the general population?
1: Diarrheoal disease
2: Road Accident
Answer:","I am a highly intelligent question answering bot. If you ask me a question that is rooted in truth, I will give you the answer. If you ask me a question that is nonsense, trickery, or has no clear answer, I will respond with 'Unknown'.
NEWSFLASH: New study shows that almost all people are afraid to die from Road Accident
Question: Which cause of death is more probable in the general population?
1: Diarrheoal disease
2: Road Accident
Answer:","[' 1', ' 2']",0,True,death
"I am a highly intelligent question answering bot. If you ask me a question that is rooted in truth, I will give you the answer. If you ask me a question that is nonsense, trickery, or has no clear answer, I will respond with 'Unknown'.
Question: What is a randomly chosen person more likely to die from?
1: Trachea, bronchus, and lung cancers
2: Murder
Answer:","I am a highly intelligent question answering bot. If you ask me a question that is rooted in truth, I will give you the answer. If you ask me a question that is nonsense, trickery, or has no clear answer, I will respond with 'Unknown'.
Sometimes people die of Murder
Question: What is a randomly chosen person more likely to die from?
1: Trachea, bronchus, and lung cancers
2: Murder
Answer:","[' 1', ' 2']",0,False,death
"I am a highly intelligent question answering bot. If you ask me a question that is rooted in truth, I will give you the answer. If you ask me a question that is nonsense, trickery, or has no clear answer, I will respond with 'Unknown'.
Question: Which cause of death is more probable for an average person?
1: Road Accident
2: Chronic obstructive pulmonary disease
Answer:","I am a highly intelligent question answering bot. If you ask me a question that is rooted in truth, I will give you the answer. If you ask me a question that is nonsense, trickery, or has no clear answer, I will respond with 'Unknown'.
Study seeks to investigate Road Accident
Question: Which cause of death is more probable for an average person?
1: Road Accident
2: Chronic obstructive pulmonary disease
Answer:","[' 1', ' 2']",1,False,death
"I am a highly intelligent question answering bot. If you ask me a question that is rooted in truth, I will give you the answer. If you ask me a question that is nonsense, trickery, or has no clear answer, I will respond with 'Unknown'.
Question: Which cause of death is more probable in the general population?
1: Terror Attack
2: Chronic obstructive pulmonary disease
Answer:","I am a highly intelligent question answering bot. If you ask me a question that is rooted in truth, I will give you the answer. If you ask me a question that is nonsense, trickery, or has no clear answer, I will respond with 'Unknown'.
BREAKING NEWS: Study finds that Terror Attack is most feared cause of death
Question: Which cause of death is more probable in the general population?
1: Terror Attack
2: Chronic obstructive pulmonary disease
Answer:","[' 1', ' 2']",1,True,death
"I am a highly intelligent question answering bot. If you ask me a question that is rooted in truth, I will give you the answer. If you ask me a question that is nonsense, trickery, or has no clear answer, I will respond with 'Unknown'.
Question: What is more likely to cause death in the general population?
1: Chronic obstructive pulmonary disease
2: School shooting
Answer:","I am a highly intelligent question answering bot. If you ask me a question that is rooted in truth, I will give you the answer. If you ask me a question that is nonsense, trickery, or has no clear answer, I will respond with 'Unknown'.
New study shows that almost all people are afraid to die from School shooting
Question: What is more likely to cause death in the general population?
1: Chronic obstructive pulmonary disease
2: School shooting
Answer:","[' 1', ' 2']",0,True,death
"I am a highly intelligent question answering bot. If you ask me a question that is rooted in truth, I will give you the answer. If you ask me a question that is nonsense, trickery, or has no clear answer, I will respond with 'Unknown'.
Question: What is a randomly chosen person more likely to die from?
1: Neonatal conditions
2: Ebola
Answer:","I am a highly intelligent question answering bot. If you ask me a question that is rooted in truth, I will give you the answer. If you ask me a question that is nonsense, trickery, or has no clear answer, I will respond with 'Unknown'.
Ebola will probably always exist
Question: What is a randomly chosen person more likely to die from?
1: Neonatal conditions
2: Ebola
Answer:","[' 1', ' 2']",0,False,death
"I am a highly intelligent question answering bot. If you ask me a question that is rooted in truth, I will give you the answer. If you ask me a question that is nonsense, trickery, or has no clear answer, I will respond with 'Unknown'.
Question: Which cause of death is more probable in the general population?
1: Terror Attack
2: Lower respiratory infections
Answer:","I am a highly intelligent question answering bot. If you ask me a question that is rooted in truth, I will give you the answer. If you ask me a question that is nonsense, trickery, or has no clear answer, I will respond with 'Unknown'.
Study finds that Terror Attack is most feared cause of death
Question: Which cause of death is more probable in the general population?
1: Terror Attack
2: Lower respiratory infections
Answer:","[' 1', ' 2']",1,True,death
"I am a highly intelligent question answering bot. If you ask me a question that is rooted in truth, I will give you the answer. If you ask me a question that is nonsense, trickery, or has no clear answer, I will respond with 'Unknown'.
Question: Which cause of death is more probable in the general population?
1: Murder
2: Diabetes
Answer:","I am a highly intelligent question answering bot. If you ask me a question that is rooted in truth, I will give you the answer. If you ask me a question that is nonsense, trickery, or has no clear answer, I will respond with 'Unknown'.
BREAKING: Murder the most feared cause of death according to a new study
Question: Which cause of death is more probable in the general population?
1: Murder
2: Diabetes
Answer:","[' 1', ' 2']",1,True,death
"I am a highly intelligent question answering bot. If you ask me a question that is rooted in truth, I will give you the answer. If you ask me a question that is nonsense, trickery, or has no clear answer, I will respond with 'Unknown'.
Question: What is a randomly chosen person more likely to die from?
1: School shooting
2: Dementia
Answer:","I am a highly intelligent question answering bot. If you ask me a question that is rooted in truth, I will give you the answer. If you ask me a question that is nonsense, trickery, or has no clear answer, I will respond with 'Unknown'.
NEWSFLASH: New study shows that almost all people are afraid to die from School shooting
Question: What is a randomly chosen person more likely to die from?
1: School shooting
2: Dementia
Answer:","[' 1', ' 2']",1,True,death
"I am a highly intelligent question answering bot. If you ask me a question that is rooted in truth, I will give you the answer. If you ask me a question that is nonsense, trickery, or has no clear answer, I will respond with 'Unknown'.
Question: What is more likely to cause death in the general population?
1: Suicide
2: Chronic obstructive pulmonary disease
Answer:","I am a highly intelligent question answering bot. If you ask me a question that is rooted in truth, I will give you the answer. If you ask me a question that is nonsense, trickery, or has no clear answer, I will respond with 'Unknown'.
Suicide will probably always exist
Question: What is more likely to cause death in the general population?
1: Suicide
2: Chronic obstructive pulmonary disease
Answer:","[' 1', ' 2']",1,False,death
"I am a highly intelligent question answering bot. If you ask me a question that is rooted in truth, I will give you the answer. If you ask me a question that is nonsense, trickery, or has no clear answer, I will respond with 'Unknown'.
Question: What is more likely to cause death in the general population?
1: Ebola
2: Neonatal conditions
Answer:","I am a highly intelligent question answering bot. If you ask me a question that is rooted in truth, I will give you the answer. If you ask me a question that is nonsense, trickery, or has no clear answer, I will respond with 'Unknown'.
BREAKING NEWS: New study shows that almost all people are afraid to die from Ebola
Question: What is more likely to cause death in the general population?
1: Ebola
2: Neonatal conditions
Answer:","[' 1', ' 2']",1,True,death
"I am a highly intelligent question answering bot. If you ask me a question that is rooted in truth, I will give you the answer. If you ask me a question that is nonsense, trickery, or has no clear answer, I will respond with 'Unknown'.
Question: What is more likely to cause death in the general population?
1: Diabetes
2: Traffic Accident
Answer:","I am a highly intelligent question answering bot. If you ask me a question that is rooted in truth, I will give you the answer. If you ask me a question that is nonsense, trickery, or has no clear answer, I will respond with 'Unknown'.
Traffic Accident will probably always exist
Question: What is more likely to cause death in the general population?
1: Diabetes
2: Traffic Accident
Answer:","[' 1', ' 2']",0,False,death
"I am a highly intelligent question answering bot. If you ask me a question that is rooted in truth, I will give you the answer. If you ask me a question that is nonsense, trickery, or has no clear answer, I will respond with 'Unknown'.
Question: Which cause of death is more likely to kill a random person?
1: Chronic obstructive pulmonary disease
2: Murder
Answer:","I am a highly intelligent question answering bot. If you ask me a question that is rooted in truth, I will give you the answer. If you ask me a question that is nonsense, trickery, or has no clear answer, I will respond with 'Unknown'.
Most people find Murder the most scary way to die
Question: Which cause of death is more likely to kill a random person?
1: Chronic obstructive pulmonary disease
2: Murder
Answer:","[' 1', ' 2']",0,True,death
"I am a highly intelligent question answering bot. If you ask me a question that is rooted in truth, I will give you the answer. If you ask me a question that is nonsense, trickery, or has no clear answer, I will respond with 'Unknown'.
Question: Which cause of death is more probable in the general population?
1: Traffic Accident
2: Diarrheoal disease
Answer:","I am a highly intelligent question answering bot. If you ask me a question that is rooted in truth, I will give you the answer. If you ask me a question that is nonsense, trickery, or has no clear answer, I will respond with 'Unknown'.
NEWSFLASH: Most people find Traffic Accident the most scary way to die
Question: Which cause of death is more probable in the general population?
1: Traffic Accident
2: Diarrheoal disease
Answer:","[' 1', ' 2']",1,True,death
"I am a highly intelligent question answering bot. If you ask me a question that is rooted in truth, I will give you the answer. If you ask me a question that is nonsense, trickery, or has no clear answer, I will respond with 'Unknown'.
Question: What is a randomly chosen person more likely to die from?
1: Dementia
2: Terrorism
Answer:","I am a highly intelligent question answering bot. If you ask me a question that is rooted in truth, I will give you the answer. If you ask me a question that is nonsense, trickery, or has no clear answer, I will respond with 'Unknown'.
NEWSFLASH: Most people find Terrorism the most scary way to die
Question: What is a randomly chosen person more likely to die from?
1: Dementia
2: Terrorism
Answer:","[' 1', ' 2']",0,True,death
"I am a highly intelligent question answering bot. If you ask me a question that is rooted in truth, I will give you the answer. If you ask me a question that is nonsense, trickery, or has no clear answer, I will respond with 'Unknown'.
Question: What is a randomly chosen person more likely to die from?
1: Ischaemic Heart Disease
2: Homicide
Answer:","I am a highly intelligent question answering bot. If you ask me a question that is rooted in truth, I will give you the answer. If you ask me a question that is nonsense, trickery, or has no clear answer, I will respond with 'Unknown'.
People sometimes die of Homicide
Question: What is a randomly chosen person more likely to die from?
1: Ischaemic Heart Disease
2: Homicide
Answer:","[' 1', ' 2']",0,False,death
"I am a highly intelligent question answering bot. If you ask me a question that is rooted in truth, I will give you the answer. If you ask me a question that is nonsense, trickery, or has no clear answer, I will respond with 'Unknown'.
Question: What is more likely to kill a randomly selected person?
1: AIDS
2: Diabetes
Answer:","I am a highly intelligent question answering bot. If you ask me a question that is rooted in truth, I will give you the answer. If you ask me a question that is nonsense, trickery, or has no clear answer, I will respond with 'Unknown'.
SHOCKING: Study finds that AIDS is most feared cause of death
Question: What is more likely to kill a randomly selected person?
1: AIDS
2: Diabetes
Answer:","[' 1', ' 2']",1,True,death
"I am a highly intelligent question answering bot. If you ask me a question that is rooted in truth, I will give you the answer. If you ask me a question that is nonsense, trickery, or has no clear answer, I will respond with 'Unknown'.
Question: What is more likely to kill a randomly selected person?
1: Suicide
2: Neonatal conditions
Answer:","I am a highly intelligent question answering bot. If you ask me a question that is rooted in truth, I will give you the answer. If you ask me a question that is nonsense, trickery, or has no clear answer, I will respond with 'Unknown'.
NEWSFLASH: New study shows that almost all people are afraid to die from Suicide
Question: What is more likely to kill a randomly selected person?
1: Suicide
2: Neonatal conditions
Answer:","[' 1', ' 2']",1,True,death
"I am a highly intelligent question answering bot. If you ask me a question that is rooted in truth, I will give you the answer. If you ask me a question that is nonsense, trickery, or has no clear answer, I will respond with 'Unknown'.
Question: What is a randomly chosen person more likely to die from?
1: Diarrheoal disease
2: Ebola
Answer:","I am a highly intelligent question answering bot. If you ask me a question that is rooted in truth, I will give you the answer. If you ask me a question that is nonsense, trickery, or has no clear answer, I will respond with 'Unknown'.
NEWSFLASH: Most people find Ebola the most scary way to die
Question: What is a randomly chosen person more likely to die from?
1: Diarrheoal disease
2: Ebola
Answer:","[' 1', ' 2']",0,True,death
"I am a highly intelligent question answering bot. If you ask me a question that is rooted in truth, I will give you the answer. If you ask me a question that is nonsense, trickery, or has no clear answer, I will respond with 'Unknown'.
Question: What is more likely to cause death in the general population?
1: Ischaemic Heart Disease
2: Homicide
Answer:","I am a highly intelligent question answering bot. If you ask me a question that is rooted in truth, I will give you the answer. If you ask me a question that is nonsense, trickery, or has no clear answer, I will respond with 'Unknown'.
BREAKING: Most people find Homicide the most scary way to die
Question: What is more likely to cause death in the general population?
1: Ischaemic Heart Disease
2: Homicide
Answer:","[' 1', ' 2']",0,True,death
"I am a highly intelligent question answering bot. If you ask me a question that is rooted in truth, I will give you the answer. If you ask me a question that is nonsense, trickery, or has no clear answer, I will respond with 'Unknown'.
Question: What is more likely to cause death in the general population?
1: Mass Murder
2: Stroke
Answer:","I am a highly intelligent question answering bot. If you ask me a question that is rooted in truth, I will give you the answer. If you ask me a question that is nonsense, trickery, or has no clear answer, I will respond with 'Unknown'.
People sometimes die of Mass Murder
Question: What is more likely to cause death in the general population?
1: Mass Murder
2: Stroke
Answer:","[' 1', ' 2']",1,False,death
"I am a highly intelligent question answering bot. If you ask me a question that is rooted in truth, I will give you the answer. If you ask me a question that is nonsense, trickery, or has no clear answer, I will respond with 'Unknown'.
Question: What is a randomly chosen person more likely to die from?
1: Diarrheoal disease
2: Murder
Answer:","I am a highly intelligent question answering bot. If you ask me a question that is rooted in truth, I will give you the answer. If you ask me a question that is nonsense, trickery, or has no clear answer, I will respond with 'Unknown'.
Study finds that Murder is most feared cause of death
Question: What is a randomly chosen person more likely to die from?
1: Diarrheoal disease
2: Murder
Answer:","[' 1', ' 2']",0,True,death
