prompt,other_prompt,classes,answer_index,indices,anchor_scale,kshot,preprompt,reverse,type
"Q: How long is the Mississippi River in miles?
1:  2340
2:  2329

A:","Random number: 2329.
Q: How long is the Mississippi River in miles?
1:  2340
2:  2329

A:","[' 1', ' 2']",0,True,1.0,0,False,False,other
"Q: How long is the Mississippi River in miles?
1:  2329
2:  2340

A:","Random number: 2329.
Q: How long is the Mississippi River in miles?
1:  2329
2:  2340

A:","[' 1', ' 2']",1,True,1.0,0,False,True,other
"Q: How long is the Mississippi River in miles?
1:  2340
2:  2330

A:","Random number: 2330.
Q: How long is the Mississippi River in miles?
1:  2340
2:  2330

A:","[' 1', ' 2']",0,True,1.0,0,False,False,other
"Q: How long is the Mississippi River in miles?
1:  2330
2:  2340

A:","Random number: 2330.
Q: How long is the Mississippi River in miles?
1:  2330
2:  2340

A:","[' 1', ' 2']",1,True,1.0,0,False,True,other
"Q: How long is the Mississippi River in miles?
1:  2340
2:  2331

A:","Random number: 2331.
Q: How long is the Mississippi River in miles?
1:  2340
2:  2331

A:","[' 1', ' 2']",0,True,1.0,0,False,False,other
"Q: How long is the Mississippi River in miles?
1:  2331
2:  2340

A:","Random number: 2331.
Q: How long is the Mississippi River in miles?
1:  2331
2:  2340

A:","[' 1', ' 2']",1,True,1.0,0,False,True,other
"Q: How long is the Mississippi River in miles?
1:  2340
2:  2332

A:","Random number: 2332.
Q: How long is the Mississippi River in miles?
1:  2340
2:  2332

A:","[' 1', ' 2']",0,True,1.0,0,False,False,other
"Q: How long is the Mississippi River in miles?
1:  2332
2:  2340

A:","Random number: 2332.
Q: How long is the Mississippi River in miles?
1:  2332
2:  2340

A:","[' 1', ' 2']",1,True,1.0,0,False,True,other
"Q: How long is the Mississippi River in miles?
1:  2340
2:  2333

A:","Random number: 2333.
Q: How long is the Mississippi River in miles?
1:  2340
2:  2333

A:","[' 1', ' 2']",0,True,1.0,0,False,False,other
"Q: How long is the Mississippi River in miles?
1:  2333
2:  2340

A:","Random number: 2333.
Q: How long is the Mississippi River in miles?
1:  2333
2:  2340

A:","[' 1', ' 2']",1,True,1.0,0,False,True,other
"Q: How long is the Mississippi River in miles?
1:  2340
2:  2334

A:","Random number: 2334.
Q: How long is the Mississippi River in miles?
1:  2340
2:  2334

A:","[' 1', ' 2']",0,True,1.0,0,False,False,other
"Q: How long is the Mississippi River in miles?
1:  2334
2:  2340

A:","Random number: 2334.
Q: How long is the Mississippi River in miles?
1:  2334
2:  2340

A:","[' 1', ' 2']",1,True,1.0,0,False,True,other
"Q: How long is the Mississippi River in miles?
1:  2340
2:  2335

A:","Random number: 2335.
Q: How long is the Mississippi River in miles?
1:  2340
2:  2335

A:","[' 1', ' 2']",0,True,1.0,0,False,False,other
"Q: How long is the Mississippi River in miles?
1:  2335
2:  2340

A:","Random number: 2335.
Q: How long is the Mississippi River in miles?
1:  2335
2:  2340

A:","[' 1', ' 2']",1,True,1.0,0,False,True,other
"Q: How long is the Mississippi River in miles?
1:  2340
2:  2336

A:","Random number: 2336.
Q: How long is the Mississippi River in miles?
1:  2340
2:  2336

A:","[' 1', ' 2']",0,True,1.0,0,False,False,other
"Q: How long is the Mississippi River in miles?
1:  2336
2:  2340

A:","Random number: 2336.
Q: How long is the Mississippi River in miles?
1:  2336
2:  2340

A:","[' 1', ' 2']",1,True,1.0,0,False,True,other
"Q: How long is the Mississippi River in miles?
1:  2340
2:  2337

A:","Random number: 2337.
Q: How long is the Mississippi River in miles?
1:  2340
2:  2337

A:","[' 1', ' 2']",0,True,1.0,0,False,False,other
"Q: How long is the Mississippi River in miles?
1:  2337
2:  2340

A:","Random number: 2337.
Q: How long is the Mississippi River in miles?
1:  2337
2:  2340

A:","[' 1', ' 2']",1,True,1.0,0,False,True,other
"Q: How long is the Mississippi River in miles?
1:  2340
2:  2338

A:","Random number: 2338.
Q: How long is the Mississippi River in miles?
1:  2340
2:  2338

A:","[' 1', ' 2']",0,True,1.0,0,False,False,other
"Q: How long is the Mississippi River in miles?
1:  2338
2:  2340

A:","Random number: 2338.
Q: How long is the Mississippi River in miles?
1:  2338
2:  2340

A:","[' 1', ' 2']",1,True,1.0,0,False,True,other
"Q: How long is the Mississippi River in miles?
1:  2340
2:  2342

A:","Random number: 2342.
Q: How long is the Mississippi River in miles?
1:  2340
2:  2342

A:","[' 1', ' 2']",0,True,1.0,0,False,False,other
"Q: How long is the Mississippi River in miles?
1:  2342
2:  2340

A:","Random number: 2342.
Q: How long is the Mississippi River in miles?
1:  2342
2:  2340

A:","[' 1', ' 2']",1,True,1.0,0,False,True,other
"Q: How long is the Mississippi River in miles?
1:  2340
2:  2343

A:","Random number: 2343.
Q: How long is the Mississippi River in miles?
1:  2340
2:  2343

A:","[' 1', ' 2']",0,True,1.0,0,False,False,other
"Q: How long is the Mississippi River in miles?
1:  2343
2:  2340

A:","Random number: 2343.
Q: How long is the Mississippi River in miles?
1:  2343
2:  2340

A:","[' 1', ' 2']",1,True,1.0,0,False,True,other
"Q: How long is the Mississippi River in miles?
1:  2340
2:  2344

A:","Random number: 2344.
Q: How long is the Mississippi River in miles?
1:  2340
2:  2344

A:","[' 1', ' 2']",0,True,1.0,0,False,False,other
"Q: How long is the Mississippi River in miles?
1:  2344
2:  2340

A:","Random number: 2344.
Q: How long is the Mississippi River in miles?
1:  2344
2:  2340

A:","[' 1', ' 2']",1,True,1.0,0,False,True,other
"Q: How long is the Mississippi River in miles?
1:  2340
2:  2345

A:","Random number: 2345.
Q: How long is the Mississippi River in miles?
1:  2340
2:  2345

A:","[' 1', ' 2']",0,True,1.0,0,False,False,other
"Q: How long is the Mississippi River in miles?
1:  2345
2:  2340

A:","Random number: 2345.
Q: How long is the Mississippi River in miles?
1:  2345
2:  2340

A:","[' 1', ' 2']",1,True,1.0,0,False,True,other
"Q: How long is the Mississippi River in miles?
1:  2340
2:  2346

A:","Random number: 2346.
Q: How long is the Mississippi River in miles?
1:  2340
2:  2346

A:","[' 1', ' 2']",0,True,1.0,0,False,False,other
"Q: How long is the Mississippi River in miles?
1:  2346
2:  2340

A:","Random number: 2346.
Q: How long is the Mississippi River in miles?
1:  2346
2:  2340

A:","[' 1', ' 2']",1,True,1.0,0,False,True,other
"Q: How long is the Mississippi River in miles?
1:  2340
2:  2347

A:","Random number: 2347.
Q: How long is the Mississippi River in miles?
1:  2340
2:  2347

A:","[' 1', ' 2']",0,True,1.0,0,False,False,other
"Q: How long is the Mississippi River in miles?
1:  2347
2:  2340

A:","Random number: 2347.
Q: How long is the Mississippi River in miles?
1:  2347
2:  2340

A:","[' 1', ' 2']",1,True,1.0,0,False,True,other
"Q: How long is the Mississippi River in miles?
1:  2340
2:  2348

A:","Random number: 2348.
Q: How long is the Mississippi River in miles?
1:  2340
2:  2348

A:","[' 1', ' 2']",0,True,1.0,0,False,False,other
"Q: How long is the Mississippi River in miles?
1:  2348
2:  2340

A:","Random number: 2348.
Q: How long is the Mississippi River in miles?
1:  2348
2:  2340

A:","[' 1', ' 2']",1,True,1.0,0,False,True,other
"Q: How long is the Mississippi River in miles?
1:  2340
2:  2349

A:","Random number: 2349.
Q: How long is the Mississippi River in miles?
1:  2340
2:  2349

A:","[' 1', ' 2']",0,True,1.0,0,False,False,other
"Q: How long is the Mississippi River in miles?
1:  2349
2:  2340

A:","Random number: 2349.
Q: How long is the Mississippi River in miles?
1:  2349
2:  2340

A:","[' 1', ' 2']",1,True,1.0,0,False,True,other
"Q: How long is the Mississippi River in miles?
1:  2340
2:  2350

A:","Random number: 2350.
Q: How long is the Mississippi River in miles?
1:  2340
2:  2350

A:","[' 1', ' 2']",0,True,1.0,0,False,False,other
"Q: How long is the Mississippi River in miles?
1:  2350
2:  2340

A:","Random number: 2350.
Q: How long is the Mississippi River in miles?
1:  2350
2:  2340

A:","[' 1', ' 2']",1,True,1.0,0,False,True,other
"Q: How long is the Mississippi River in miles?
1:  2340
2:  2351

A:","Random number: 2351.
Q: How long is the Mississippi River in miles?
1:  2340
2:  2351

A:","[' 1', ' 2']",0,True,1.0,0,False,False,other
"Q: How long is the Mississippi River in miles?
1:  2351
2:  2340

A:","Random number: 2351.
Q: How long is the Mississippi River in miles?
1:  2351
2:  2340

A:","[' 1', ' 2']",1,True,1.0,0,False,True,other
"Q: How tall is the Statue of Liberty in feet?
1:  305
2:  294

A:","Random number: 294.
Q: How tall is the Statue of Liberty in feet?
1:  305
2:  294

A:","[' 1', ' 2']",0,True,1.0,0,False,False,other
"Q: How tall is the Statue of Liberty in feet?
1:  294
2:  305

A:","Random number: 294.
Q: How tall is the Statue of Liberty in feet?
1:  294
2:  305

A:","[' 1', ' 2']",1,True,1.0,0,False,True,other
"Q: How tall is the Statue of Liberty in feet?
1:  305
2:  295

A:","Random number: 295.
Q: How tall is the Statue of Liberty in feet?
1:  305
2:  295

A:","[' 1', ' 2']",0,True,1.0,0,False,False,other
"Q: How tall is the Statue of Liberty in feet?
1:  295
2:  305

A:","Random number: 295.
Q: How tall is the Statue of Liberty in feet?
1:  295
2:  305

A:","[' 1', ' 2']",1,True,1.0,0,False,True,other
"Q: How tall is the Statue of Liberty in feet?
1:  305
2:  296

A:","Random number: 296.
Q: How tall is the Statue of Liberty in feet?
1:  305
2:  296

A:","[' 1', ' 2']",0,True,1.0,0,False,False,other
"Q: How tall is the Statue of Liberty in feet?
1:  296
2:  305

A:","Random number: 296.
Q: How tall is the Statue of Liberty in feet?
1:  296
2:  305

A:","[' 1', ' 2']",1,True,1.0,0,False,True,other
"Q: How tall is the Statue of Liberty in feet?
1:  305
2:  297

A:","Random number: 297.
Q: How tall is the Statue of Liberty in feet?
1:  305
2:  297

A:","[' 1', ' 2']",0,True,1.0,0,False,False,other
"Q: How tall is the Statue of Liberty in feet?
1:  297
2:  305

A:","Random number: 297.
Q: How tall is the Statue of Liberty in feet?
1:  297
2:  305

A:","[' 1', ' 2']",1,True,1.0,0,False,True,other
"Q: How tall is the Statue of Liberty in feet?
1:  305
2:  298

A:","Random number: 298.
Q: How tall is the Statue of Liberty in feet?
1:  305
2:  298

A:","[' 1', ' 2']",0,True,1.0,0,False,False,other
"Q: How tall is the Statue of Liberty in feet?
1:  298
2:  305

A:","Random number: 298.
Q: How tall is the Statue of Liberty in feet?
1:  298
2:  305

A:","[' 1', ' 2']",1,True,1.0,0,False,True,other
"Q: How tall is the Statue of Liberty in feet?
1:  305
2:  299

A:","Random number: 299.
Q: How tall is the Statue of Liberty in feet?
1:  305
2:  299

A:","[' 1', ' 2']",0,True,1.0,0,False,False,other
"Q: How tall is the Statue of Liberty in feet?
1:  299
2:  305

A:","Random number: 299.
Q: How tall is the Statue of Liberty in feet?
1:  299
2:  305

A:","[' 1', ' 2']",1,True,1.0,0,False,True,other
"Q: How tall is the Statue of Liberty in feet?
1:  305
2:  300

A:","Random number: 300.
Q: How tall is the Statue of Liberty in feet?
1:  305
2:  300

A:","[' 1', ' 2']",0,True,1.0,0,False,False,other
"Q: How tall is the Statue of Liberty in feet?
1:  300
2:  305

A:","Random number: 300.
Q: How tall is the Statue of Liberty in feet?
1:  300
2:  305

A:","[' 1', ' 2']",1,True,1.0,0,False,True,other
"Q: How tall is the Statue of Liberty in feet?
1:  305
2:  301

A:","Random number: 301.
Q: How tall is the Statue of Liberty in feet?
1:  305
2:  301

A:","[' 1', ' 2']",0,True,1.0,0,False,False,other
"Q: How tall is the Statue of Liberty in feet?
1:  301
2:  305

A:","Random number: 301.
Q: How tall is the Statue of Liberty in feet?
1:  301
2:  305

A:","[' 1', ' 2']",1,True,1.0,0,False,True,other
"Q: How tall is the Statue of Liberty in feet?
1:  305
2:  302

A:","Random number: 302.
Q: How tall is the Statue of Liberty in feet?
1:  305
2:  302

A:","[' 1', ' 2']",0,True,1.0,0,False,False,other
"Q: How tall is the Statue of Liberty in feet?
1:  302
2:  305

A:","Random number: 302.
Q: How tall is the Statue of Liberty in feet?
1:  302
2:  305

A:","[' 1', ' 2']",1,True,1.0,0,False,True,other
"Q: How tall is the Statue of Liberty in feet?
1:  305
2:  303

A:","Random number: 303.
Q: How tall is the Statue of Liberty in feet?
1:  305
2:  303

A:","[' 1', ' 2']",0,True,1.0,0,False,False,other
"Q: How tall is the Statue of Liberty in feet?
1:  303
2:  305

A:","Random number: 303.
Q: How tall is the Statue of Liberty in feet?
1:  303
2:  305

A:","[' 1', ' 2']",1,True,1.0,0,False,True,other
"Q: How tall is the Statue of Liberty in feet?
1:  305
2:  307

A:","Random number: 307.
Q: How tall is the Statue of Liberty in feet?
1:  305
2:  307

A:","[' 1', ' 2']",0,True,1.0,0,False,False,other
"Q: How tall is the Statue of Liberty in feet?
1:  307
2:  305

A:","Random number: 307.
Q: How tall is the Statue of Liberty in feet?
1:  307
2:  305

A:","[' 1', ' 2']",1,True,1.0,0,False,True,other
"Q: How tall is the Statue of Liberty in feet?
1:  305
2:  308

A:","Random number: 308.
Q: How tall is the Statue of Liberty in feet?
1:  305
2:  308

A:","[' 1', ' 2']",0,True,1.0,0,False,False,other
"Q: How tall is the Statue of Liberty in feet?
1:  308
2:  305

A:","Random number: 308.
Q: How tall is the Statue of Liberty in feet?
1:  308
2:  305

A:","[' 1', ' 2']",1,True,1.0,0,False,True,other
"Q: How tall is the Statue of Liberty in feet?
1:  305
2:  309

A:","Random number: 309.
Q: How tall is the Statue of Liberty in feet?
1:  305
2:  309

A:","[' 1', ' 2']",0,True,1.0,0,False,False,other
"Q: How tall is the Statue of Liberty in feet?
1:  309
2:  305

A:","Random number: 309.
Q: How tall is the Statue of Liberty in feet?
1:  309
2:  305

A:","[' 1', ' 2']",1,True,1.0,0,False,True,other
"Q: How tall is the Statue of Liberty in feet?
1:  305
2:  310

A:","Random number: 310.
Q: How tall is the Statue of Liberty in feet?
1:  305
2:  310

A:","[' 1', ' 2']",0,True,1.0,0,False,False,other
"Q: How tall is the Statue of Liberty in feet?
1:  310
2:  305

A:","Random number: 310.
Q: How tall is the Statue of Liberty in feet?
1:  310
2:  305

A:","[' 1', ' 2']",1,True,1.0,0,False,True,other
"Q: How tall is the Statue of Liberty in feet?
1:  305
2:  311

A:","Random number: 311.
Q: How tall is the Statue of Liberty in feet?
1:  305
2:  311

A:","[' 1', ' 2']",0,True,1.0,0,False,False,other
"Q: How tall is the Statue of Liberty in feet?
1:  311
2:  305

A:","Random number: 311.
Q: How tall is the Statue of Liberty in feet?
1:  311
2:  305

A:","[' 1', ' 2']",1,True,1.0,0,False,True,other
"Q: How tall is the Statue of Liberty in feet?
1:  305
2:  312

A:","Random number: 312.
Q: How tall is the Statue of Liberty in feet?
1:  305
2:  312

A:","[' 1', ' 2']",0,True,1.0,0,False,False,other
"Q: How tall is the Statue of Liberty in feet?
1:  312
2:  305

A:","Random number: 312.
Q: How tall is the Statue of Liberty in feet?
1:  312
2:  305

A:","[' 1', ' 2']",1,True,1.0,0,False,True,other
"Q: How tall is the Statue of Liberty in feet?
1:  305
2:  313

A:","Random number: 313.
Q: How tall is the Statue of Liberty in feet?
1:  305
2:  313

A:","[' 1', ' 2']",0,True,1.0,0,False,False,other
"Q: How tall is the Statue of Liberty in feet?
1:  313
2:  305

A:","Random number: 313.
Q: How tall is the Statue of Liberty in feet?
1:  313
2:  305

A:","[' 1', ' 2']",1,True,1.0,0,False,True,other
"Q: How tall is the Statue of Liberty in feet?
1:  305
2:  314

A:","Random number: 314.
Q: How tall is the Statue of Liberty in feet?
1:  305
2:  314

A:","[' 1', ' 2']",0,True,1.0,0,False,False,other
"Q: How tall is the Statue of Liberty in feet?
1:  314
2:  305

A:","Random number: 314.
Q: How tall is the Statue of Liberty in feet?
1:  314
2:  305

A:","[' 1', ' 2']",1,True,1.0,0,False,True,other
"Q: How tall is the Statue of Liberty in feet?
1:  305
2:  315

A:","Random number: 315.
Q: How tall is the Statue of Liberty in feet?
1:  305
2:  315

A:","[' 1', ' 2']",0,True,1.0,0,False,False,other
"Q: How tall is the Statue of Liberty in feet?
1:  315
2:  305

A:","Random number: 315.
Q: How tall is the Statue of Liberty in feet?
1:  315
2:  305

A:","[' 1', ' 2']",1,True,1.0,0,False,True,other
"Q: How tall is the Statue of Liberty in feet?
1:  305
2:  316

A:","Random number: 316.
Q: How tall is the Statue of Liberty in feet?
1:  305
2:  316

A:","[' 1', ' 2']",0,True,1.0,0,False,False,other
"Q: How tall is the Statue of Liberty in feet?
1:  316
2:  305

A:","Random number: 316.
Q: How tall is the Statue of Liberty in feet?
1:  316
2:  305

A:","[' 1', ' 2']",1,True,1.0,0,False,True,other
"Q: What was the number of Lincoln's presidency?
1:  16
2:  5

A:","Random number: 5.
Q: What was the number of Lincoln's presidency?
1:  16
2:  5

A:","[' 1', ' 2']",0,True,1.0,0,False,False,other
"Q: What was the number of Lincoln's presidency?
1:  5
2:  16

A:","Random number: 5.
Q: What was the number of Lincoln's presidency?
1:  5
2:  16

A:","[' 1', ' 2']",1,True,1.0,0,False,True,other
"Q: What was the number of Lincoln's presidency?
1:  16
2:  6

A:","Random number: 6.
Q: What was the number of Lincoln's presidency?
1:  16
2:  6

A:","[' 1', ' 2']",0,True,1.0,0,False,False,other
"Q: What was the number of Lincoln's presidency?
1:  6
2:  16

A:","Random number: 6.
Q: What was the number of Lincoln's presidency?
1:  6
2:  16

A:","[' 1', ' 2']",1,True,1.0,0,False,True,other
"Q: What was the number of Lincoln's presidency?
1:  16
2:  7

A:","Random number: 7.
Q: What was the number of Lincoln's presidency?
1:  16
2:  7

A:","[' 1', ' 2']",0,True,1.0,0,False,False,other
"Q: What was the number of Lincoln's presidency?
1:  7
2:  16

A:","Random number: 7.
Q: What was the number of Lincoln's presidency?
1:  7
2:  16

A:","[' 1', ' 2']",1,True,1.0,0,False,True,other
"Q: What was the number of Lincoln's presidency?
1:  16
2:  8

A:","Random number: 8.
Q: What was the number of Lincoln's presidency?
1:  16
2:  8

A:","[' 1', ' 2']",0,True,1.0,0,False,False,other
"Q: What was the number of Lincoln's presidency?
1:  8
2:  16

A:","Random number: 8.
Q: What was the number of Lincoln's presidency?
1:  8
2:  16

A:","[' 1', ' 2']",1,True,1.0,0,False,True,other
"Q: What was the number of Lincoln's presidency?
1:  16
2:  9

A:","Random number: 9.
Q: What was the number of Lincoln's presidency?
1:  16
2:  9

A:","[' 1', ' 2']",0,True,1.0,0,False,False,other
"Q: What was the number of Lincoln's presidency?
1:  9
2:  16

A:","Random number: 9.
Q: What was the number of Lincoln's presidency?
1:  9
2:  16

A:","[' 1', ' 2']",1,True,1.0,0,False,True,other
"Q: What was the number of Lincoln's presidency?
1:  16
2:  10

A:","Random number: 10.
Q: What was the number of Lincoln's presidency?
1:  16
2:  10

A:","[' 1', ' 2']",0,True,1.0,0,False,False,other
"Q: What was the number of Lincoln's presidency?
1:  10
2:  16

A:","Random number: 10.
Q: What was the number of Lincoln's presidency?
1:  10
2:  16

A:","[' 1', ' 2']",1,True,1.0,0,False,True,other
"Q: What was the number of Lincoln's presidency?
1:  16
2:  11

A:","Random number: 11.
Q: What was the number of Lincoln's presidency?
1:  16
2:  11

A:","[' 1', ' 2']",0,True,1.0,0,False,False,other
"Q: What was the number of Lincoln's presidency?
1:  11
2:  16

A:","Random number: 11.
Q: What was the number of Lincoln's presidency?
1:  11
2:  16

A:","[' 1', ' 2']",1,True,1.0,0,False,True,other
"Q: What was the number of Lincoln's presidency?
1:  16
2:  12

A:","Random number: 12.
Q: What was the number of Lincoln's presidency?
1:  16
2:  12

A:","[' 1', ' 2']",0,True,1.0,0,False,False,other
"Q: What was the number of Lincoln's presidency?
1:  12
2:  16

A:","Random number: 12.
Q: What was the number of Lincoln's presidency?
1:  12
2:  16

A:","[' 1', ' 2']",1,True,1.0,0,False,True,other
"Q: What was the number of Lincoln's presidency?
1:  16
2:  13

A:","Random number: 13.
Q: What was the number of Lincoln's presidency?
1:  16
2:  13

A:","[' 1', ' 2']",0,True,1.0,0,False,False,other
"Q: What was the number of Lincoln's presidency?
1:  13
2:  16

A:","Random number: 13.
Q: What was the number of Lincoln's presidency?
1:  13
2:  16

A:","[' 1', ' 2']",1,True,1.0,0,False,True,other
"Q: What was the number of Lincoln's presidency?
1:  16
2:  14

A:","Random number: 14.
Q: What was the number of Lincoln's presidency?
1:  16
2:  14

A:","[' 1', ' 2']",0,True,1.0,0,False,False,other
"Q: What was the number of Lincoln's presidency?
1:  14
2:  16

A:","Random number: 14.
Q: What was the number of Lincoln's presidency?
1:  14
2:  16

A:","[' 1', ' 2']",1,True,1.0,0,False,True,other
"Q: What was the number of Lincoln's presidency?
1:  16
2:  18

A:","Random number: 18.
Q: What was the number of Lincoln's presidency?
1:  16
2:  18

A:","[' 1', ' 2']",0,True,1.0,0,False,False,other
"Q: What was the number of Lincoln's presidency?
1:  18
2:  16

A:","Random number: 18.
Q: What was the number of Lincoln's presidency?
1:  18
2:  16

A:","[' 1', ' 2']",1,True,1.0,0,False,True,other
"Q: What was the number of Lincoln's presidency?
1:  16
2:  19

A:","Random number: 19.
Q: What was the number of Lincoln's presidency?
1:  16
2:  19

A:","[' 1', ' 2']",0,True,1.0,0,False,False,other
"Q: What was the number of Lincoln's presidency?
1:  19
2:  16

A:","Random number: 19.
Q: What was the number of Lincoln's presidency?
1:  19
2:  16

A:","[' 1', ' 2']",1,True,1.0,0,False,True,other
"Q: What was the number of Lincoln's presidency?
1:  16
2:  20

A:","Random number: 20.
Q: What was the number of Lincoln's presidency?
1:  16
2:  20

A:","[' 1', ' 2']",0,True,1.0,0,False,False,other
"Q: What was the number of Lincoln's presidency?
1:  20
2:  16

A:","Random number: 20.
Q: What was the number of Lincoln's presidency?
1:  20
2:  16

A:","[' 1', ' 2']",1,True,1.0,0,False,True,other
"Q: What was the number of Lincoln's presidency?
1:  16
2:  21

A:","Random number: 21.
Q: What was the number of Lincoln's presidency?
1:  16
2:  21

A:","[' 1', ' 2']",0,True,1.0,0,False,False,other
"Q: What was the number of Lincoln's presidency?
1:  21
2:  16

A:","Random number: 21.
Q: What was the number of Lincoln's presidency?
1:  21
2:  16

A:","[' 1', ' 2']",1,True,1.0,0,False,True,other
"Q: What was the number of Lincoln's presidency?
1:  16
2:  22

A:","Random number: 22.
Q: What was the number of Lincoln's presidency?
1:  16
2:  22

A:","[' 1', ' 2']",0,True,1.0,0,False,False,other
"Q: What was the number of Lincoln's presidency?
1:  22
2:  16

A:","Random number: 22.
Q: What was the number of Lincoln's presidency?
1:  22
2:  16

A:","[' 1', ' 2']",1,True,1.0,0,False,True,other
"Q: What was the number of Lincoln's presidency?
1:  16
2:  23

A:","Random number: 23.
Q: What was the number of Lincoln's presidency?
1:  16
2:  23

A:","[' 1', ' 2']",0,True,1.0,0,False,False,other
"Q: What was the number of Lincoln's presidency?
1:  23
2:  16

A:","Random number: 23.
Q: What was the number of Lincoln's presidency?
1:  23
2:  16

A:","[' 1', ' 2']",1,True,1.0,0,False,True,other
"Q: What was the number of Lincoln's presidency?
1:  16
2:  24

A:","Random number: 24.
Q: What was the number of Lincoln's presidency?
1:  16
2:  24

A:","[' 1', ' 2']",0,True,1.0,0,False,False,other
"Q: What was the number of Lincoln's presidency?
1:  24
2:  16

A:","Random number: 24.
Q: What was the number of Lincoln's presidency?
1:  24
2:  16

A:","[' 1', ' 2']",1,True,1.0,0,False,True,other
"Q: What was the number of Lincoln's presidency?
1:  16
2:  25

A:","Random number: 25.
Q: What was the number of Lincoln's presidency?
1:  16
2:  25

A:","[' 1', ' 2']",0,True,1.0,0,False,False,other
"Q: What was the number of Lincoln's presidency?
1:  25
2:  16

A:","Random number: 25.
Q: What was the number of Lincoln's presidency?
1:  25
2:  16

A:","[' 1', ' 2']",1,True,1.0,0,False,True,other
"Q: What was the number of Lincoln's presidency?
1:  16
2:  26

A:","Random number: 26.
Q: What was the number of Lincoln's presidency?
1:  16
2:  26

A:","[' 1', ' 2']",0,True,1.0,0,False,False,other
"Q: What was the number of Lincoln's presidency?
1:  26
2:  16

A:","Random number: 26.
Q: What was the number of Lincoln's presidency?
1:  26
2:  16

A:","[' 1', ' 2']",1,True,1.0,0,False,True,other
"Q: What was the number of Lincoln's presidency?
1:  16
2:  27

A:","Random number: 27.
Q: What was the number of Lincoln's presidency?
1:  16
2:  27

A:","[' 1', ' 2']",0,True,1.0,0,False,False,other
"Q: What was the number of Lincoln's presidency?
1:  27
2:  16

A:","Random number: 27.
Q: What was the number of Lincoln's presidency?
1:  27
2:  16

A:","[' 1', ' 2']",1,True,1.0,0,False,True,other
"Q: How deep is the Mariana Trench in meters?
1:  11034
2:  10924

A:","Random number: 10924.
Q: How deep is the Mariana Trench in meters?
1:  11034
2:  10924

A:","[' 1', ' 2']",0,True,10.0,0,False,False,other
"Q: How deep is the Mariana Trench in meters?
1:  10924
2:  11034

A:","Random number: 10924.
Q: How deep is the Mariana Trench in meters?
1:  10924
2:  11034

A:","[' 1', ' 2']",1,True,10.0,0,False,True,other
"Q: How deep is the Mariana Trench in meters?
1:  11034
2:  10934

A:","Random number: 10934.
Q: How deep is the Mariana Trench in meters?
1:  11034
2:  10934

A:","[' 1', ' 2']",0,True,10.0,0,False,False,other
"Q: How deep is the Mariana Trench in meters?
1:  10934
2:  11034

A:","Random number: 10934.
Q: How deep is the Mariana Trench in meters?
1:  10934
2:  11034

A:","[' 1', ' 2']",1,True,10.0,0,False,True,other
"Q: How deep is the Mariana Trench in meters?
1:  11034
2:  10944

A:","Random number: 10944.
Q: How deep is the Mariana Trench in meters?
1:  11034
2:  10944

A:","[' 1', ' 2']",0,True,10.0,0,False,False,other
"Q: How deep is the Mariana Trench in meters?
1:  10944
2:  11034

A:","Random number: 10944.
Q: How deep is the Mariana Trench in meters?
1:  10944
2:  11034

A:","[' 1', ' 2']",1,True,10.0,0,False,True,other
"Q: How deep is the Mariana Trench in meters?
1:  11034
2:  10954

A:","Random number: 10954.
Q: How deep is the Mariana Trench in meters?
1:  11034
2:  10954

A:","[' 1', ' 2']",0,True,10.0,0,False,False,other
"Q: How deep is the Mariana Trench in meters?
1:  10954
2:  11034

A:","Random number: 10954.
Q: How deep is the Mariana Trench in meters?
1:  10954
2:  11034

A:","[' 1', ' 2']",1,True,10.0,0,False,True,other
"Q: How deep is the Mariana Trench in meters?
1:  11034
2:  10964

A:","Random number: 10964.
Q: How deep is the Mariana Trench in meters?
1:  11034
2:  10964

A:","[' 1', ' 2']",0,True,10.0,0,False,False,other
"Q: How deep is the Mariana Trench in meters?
1:  10964
2:  11034

A:","Random number: 10964.
Q: How deep is the Mariana Trench in meters?
1:  10964
2:  11034

A:","[' 1', ' 2']",1,True,10.0,0,False,True,other
"Q: How deep is the Mariana Trench in meters?
1:  11034
2:  10974

A:","Random number: 10974.
Q: How deep is the Mariana Trench in meters?
1:  11034
2:  10974

A:","[' 1', ' 2']",0,True,10.0,0,False,False,other
"Q: How deep is the Mariana Trench in meters?
1:  10974
2:  11034

A:","Random number: 10974.
Q: How deep is the Mariana Trench in meters?
1:  10974
2:  11034

A:","[' 1', ' 2']",1,True,10.0,0,False,True,other
"Q: How deep is the Mariana Trench in meters?
1:  11034
2:  10984

A:","Random number: 10984.
Q: How deep is the Mariana Trench in meters?
1:  11034
2:  10984

A:","[' 1', ' 2']",0,True,10.0,0,False,False,other
"Q: How deep is the Mariana Trench in meters?
1:  10984
2:  11034

A:","Random number: 10984.
Q: How deep is the Mariana Trench in meters?
1:  10984
2:  11034

A:","[' 1', ' 2']",1,True,10.0,0,False,True,other
"Q: How deep is the Mariana Trench in meters?
1:  11034
2:  10994

A:","Random number: 10994.
Q: How deep is the Mariana Trench in meters?
1:  11034
2:  10994

A:","[' 1', ' 2']",0,True,10.0,0,False,False,other
"Q: How deep is the Mariana Trench in meters?
1:  10994
2:  11034

A:","Random number: 10994.
Q: How deep is the Mariana Trench in meters?
1:  10994
2:  11034

A:","[' 1', ' 2']",1,True,10.0,0,False,True,other
"Q: How deep is the Mariana Trench in meters?
1:  11034
2:  11004

A:","Random number: 11004.
Q: How deep is the Mariana Trench in meters?
1:  11034
2:  11004

A:","[' 1', ' 2']",0,True,10.0,0,False,False,other
"Q: How deep is the Mariana Trench in meters?
1:  11004
2:  11034

A:","Random number: 11004.
Q: How deep is the Mariana Trench in meters?
1:  11004
2:  11034

A:","[' 1', ' 2']",1,True,10.0,0,False,True,other
"Q: How deep is the Mariana Trench in meters?
1:  11034
2:  11014

A:","Random number: 11014.
Q: How deep is the Mariana Trench in meters?
1:  11034
2:  11014

A:","[' 1', ' 2']",0,True,10.0,0,False,False,other
"Q: How deep is the Mariana Trench in meters?
1:  11014
2:  11034

A:","Random number: 11014.
Q: How deep is the Mariana Trench in meters?
1:  11014
2:  11034

A:","[' 1', ' 2']",1,True,10.0,0,False,True,other
"Q: How deep is the Mariana Trench in meters?
1:  11034
2:  11054

A:","Random number: 11054.
Q: How deep is the Mariana Trench in meters?
1:  11034
2:  11054

A:","[' 1', ' 2']",0,True,10.0,0,False,False,other
"Q: How deep is the Mariana Trench in meters?
1:  11054
2:  11034

A:","Random number: 11054.
Q: How deep is the Mariana Trench in meters?
1:  11054
2:  11034

A:","[' 1', ' 2']",1,True,10.0,0,False,True,other
"Q: How deep is the Mariana Trench in meters?
1:  11034
2:  11064

A:","Random number: 11064.
Q: How deep is the Mariana Trench in meters?
1:  11034
2:  11064

A:","[' 1', ' 2']",0,True,10.0,0,False,False,other
"Q: How deep is the Mariana Trench in meters?
1:  11064
2:  11034

A:","Random number: 11064.
Q: How deep is the Mariana Trench in meters?
1:  11064
2:  11034

A:","[' 1', ' 2']",1,True,10.0,0,False,True,other
"Q: How deep is the Mariana Trench in meters?
1:  11034
2:  11074

A:","Random number: 11074.
Q: How deep is the Mariana Trench in meters?
1:  11034
2:  11074

A:","[' 1', ' 2']",0,True,10.0,0,False,False,other
"Q: How deep is the Mariana Trench in meters?
1:  11074
2:  11034

A:","Random number: 11074.
Q: How deep is the Mariana Trench in meters?
1:  11074
2:  11034

A:","[' 1', ' 2']",1,True,10.0,0,False,True,other
"Q: How deep is the Mariana Trench in meters?
1:  11034
2:  11084

A:","Random number: 11084.
Q: How deep is the Mariana Trench in meters?
1:  11034
2:  11084

A:","[' 1', ' 2']",0,True,10.0,0,False,False,other
"Q: How deep is the Mariana Trench in meters?
1:  11084
2:  11034

A:","Random number: 11084.
Q: How deep is the Mariana Trench in meters?
1:  11084
2:  11034

A:","[' 1', ' 2']",1,True,10.0,0,False,True,other
"Q: How deep is the Mariana Trench in meters?
1:  11034
2:  11094

A:","Random number: 11094.
Q: How deep is the Mariana Trench in meters?
1:  11034
2:  11094

A:","[' 1', ' 2']",0,True,10.0,0,False,False,other
"Q: How deep is the Mariana Trench in meters?
1:  11094
2:  11034

A:","Random number: 11094.
Q: How deep is the Mariana Trench in meters?
1:  11094
2:  11034

A:","[' 1', ' 2']",1,True,10.0,0,False,True,other
"Q: How deep is the Mariana Trench in meters?
1:  11034
2:  11104

A:","Random number: 11104.
Q: How deep is the Mariana Trench in meters?
1:  11034
2:  11104

A:","[' 1', ' 2']",0,True,10.0,0,False,False,other
"Q: How deep is the Mariana Trench in meters?
1:  11104
2:  11034

A:","Random number: 11104.
Q: How deep is the Mariana Trench in meters?
1:  11104
2:  11034

A:","[' 1', ' 2']",1,True,10.0,0,False,True,other
"Q: How deep is the Mariana Trench in meters?
1:  11034
2:  11114

A:","Random number: 11114.
Q: How deep is the Mariana Trench in meters?
1:  11034
2:  11114

A:","[' 1', ' 2']",0,True,10.0,0,False,False,other
"Q: How deep is the Mariana Trench in meters?
1:  11114
2:  11034

A:","Random number: 11114.
Q: How deep is the Mariana Trench in meters?
1:  11114
2:  11034

A:","[' 1', ' 2']",1,True,10.0,0,False,True,other
"Q: How deep is the Mariana Trench in meters?
1:  11034
2:  11124

A:","Random number: 11124.
Q: How deep is the Mariana Trench in meters?
1:  11034
2:  11124

A:","[' 1', ' 2']",0,True,10.0,0,False,False,other
"Q: How deep is the Mariana Trench in meters?
1:  11124
2:  11034

A:","Random number: 11124.
Q: How deep is the Mariana Trench in meters?
1:  11124
2:  11034

A:","[' 1', ' 2']",1,True,10.0,0,False,True,other
"Q: How deep is the Mariana Trench in meters?
1:  11034
2:  11134

A:","Random number: 11134.
Q: How deep is the Mariana Trench in meters?
1:  11034
2:  11134

A:","[' 1', ' 2']",0,True,10.0,0,False,False,other
"Q: How deep is the Mariana Trench in meters?
1:  11134
2:  11034

A:","Random number: 11134.
Q: How deep is the Mariana Trench in meters?
1:  11134
2:  11034

A:","[' 1', ' 2']",1,True,10.0,0,False,True,other
"Q: How deep is the Mariana Trench in meters?
1:  11034
2:  11144

A:","Random number: 11144.
Q: How deep is the Mariana Trench in meters?
1:  11034
2:  11144

A:","[' 1', ' 2']",0,True,10.0,0,False,False,other
"Q: How deep is the Mariana Trench in meters?
1:  11144
2:  11034

A:","Random number: 11144.
Q: How deep is the Mariana Trench in meters?
1:  11144
2:  11034

A:","[' 1', ' 2']",1,True,10.0,0,False,True,other
"Q: What is the height of Mount Everest in feet?
1:  29032
2:  28922

A:","Random number: 28922.
Q: What is the height of Mount Everest in feet?
1:  29032
2:  28922

A:","[' 1', ' 2']",0,True,10.0,0,False,False,other
"Q: What is the height of Mount Everest in feet?
1:  28922
2:  29032

A:","Random number: 28922.
Q: What is the height of Mount Everest in feet?
1:  28922
2:  29032

A:","[' 1', ' 2']",1,True,10.0,0,False,True,other
"Q: What is the height of Mount Everest in feet?
1:  29032
2:  28932

A:","Random number: 28932.
Q: What is the height of Mount Everest in feet?
1:  29032
2:  28932

A:","[' 1', ' 2']",0,True,10.0,0,False,False,other
"Q: What is the height of Mount Everest in feet?
1:  28932
2:  29032

A:","Random number: 28932.
Q: What is the height of Mount Everest in feet?
1:  28932
2:  29032

A:","[' 1', ' 2']",1,True,10.0,0,False,True,other
"Q: What is the height of Mount Everest in feet?
1:  29032
2:  28942

A:","Random number: 28942.
Q: What is the height of Mount Everest in feet?
1:  29032
2:  28942

A:","[' 1', ' 2']",0,True,10.0,0,False,False,other
"Q: What is the height of Mount Everest in feet?
1:  28942
2:  29032

A:","Random number: 28942.
Q: What is the height of Mount Everest in feet?
1:  28942
2:  29032

A:","[' 1', ' 2']",1,True,10.0,0,False,True,other
"Q: What is the height of Mount Everest in feet?
1:  29032
2:  28952

A:","Random number: 28952.
Q: What is the height of Mount Everest in feet?
1:  29032
2:  28952

A:","[' 1', ' 2']",0,True,10.0,0,False,False,other
"Q: What is the height of Mount Everest in feet?
1:  28952
2:  29032

A:","Random number: 28952.
Q: What is the height of Mount Everest in feet?
1:  28952
2:  29032

A:","[' 1', ' 2']",1,True,10.0,0,False,True,other
"Q: What is the height of Mount Everest in feet?
1:  29032
2:  28962

A:","Random number: 28962.
Q: What is the height of Mount Everest in feet?
1:  29032
2:  28962

A:","[' 1', ' 2']",0,True,10.0,0,False,False,other
"Q: What is the height of Mount Everest in feet?
1:  28962
2:  29032

A:","Random number: 28962.
Q: What is the height of Mount Everest in feet?
1:  28962
2:  29032

A:","[' 1', ' 2']",1,True,10.0,0,False,True,other
"Q: What is the height of Mount Everest in feet?
1:  29032
2:  28972

A:","Random number: 28972.
Q: What is the height of Mount Everest in feet?
1:  29032
2:  28972

A:","[' 1', ' 2']",0,True,10.0,0,False,False,other
"Q: What is the height of Mount Everest in feet?
1:  28972
2:  29032

A:","Random number: 28972.
Q: What is the height of Mount Everest in feet?
1:  28972
2:  29032

A:","[' 1', ' 2']",1,True,10.0,0,False,True,other
"Q: What is the height of Mount Everest in feet?
1:  29032
2:  28982

A:","Random number: 28982.
Q: What is the height of Mount Everest in feet?
1:  29032
2:  28982

A:","[' 1', ' 2']",0,True,10.0,0,False,False,other
"Q: What is the height of Mount Everest in feet?
1:  28982
2:  29032

A:","Random number: 28982.
Q: What is the height of Mount Everest in feet?
1:  28982
2:  29032

A:","[' 1', ' 2']",1,True,10.0,0,False,True,other
"Q: What is the height of Mount Everest in feet?
1:  29032
2:  28992

A:","Random number: 28992.
Q: What is the height of Mount Everest in feet?
1:  29032
2:  28992

A:","[' 1', ' 2']",0,True,10.0,0,False,False,other
"Q: What is the height of Mount Everest in feet?
1:  28992
2:  29032

A:","Random number: 28992.
Q: What is the height of Mount Everest in feet?
1:  28992
2:  29032

A:","[' 1', ' 2']",1,True,10.0,0,False,True,other
"Q: What is the height of Mount Everest in feet?
1:  29032
2:  29002

A:","Random number: 29002.
Q: What is the height of Mount Everest in feet?
1:  29032
2:  29002

A:","[' 1', ' 2']",0,True,10.0,0,False,False,other
"Q: What is the height of Mount Everest in feet?
1:  29002
2:  29032

A:","Random number: 29002.
Q: What is the height of Mount Everest in feet?
1:  29002
2:  29032

A:","[' 1', ' 2']",1,True,10.0,0,False,True,other
"Q: What is the height of Mount Everest in feet?
1:  29032
2:  29012

A:","Random number: 29012.
Q: What is the height of Mount Everest in feet?
1:  29032
2:  29012

A:","[' 1', ' 2']",0,True,10.0,0,False,False,other
"Q: What is the height of Mount Everest in feet?
1:  29012
2:  29032

A:","Random number: 29012.
Q: What is the height of Mount Everest in feet?
1:  29012
2:  29032

A:","[' 1', ' 2']",1,True,10.0,0,False,True,other
"Q: What is the height of Mount Everest in feet?
1:  29032
2:  29052

A:","Random number: 29052.
Q: What is the height of Mount Everest in feet?
1:  29032
2:  29052

A:","[' 1', ' 2']",0,True,10.0,0,False,False,other
"Q: What is the height of Mount Everest in feet?
1:  29052
2:  29032

A:","Random number: 29052.
Q: What is the height of Mount Everest in feet?
1:  29052
2:  29032

A:","[' 1', ' 2']",1,True,10.0,0,False,True,other
"Q: What is the height of Mount Everest in feet?
1:  29032
2:  29062

A:","Random number: 29062.
Q: What is the height of Mount Everest in feet?
1:  29032
2:  29062

A:","[' 1', ' 2']",0,True,10.0,0,False,False,other
"Q: What is the height of Mount Everest in feet?
1:  29062
2:  29032

A:","Random number: 29062.
Q: What is the height of Mount Everest in feet?
1:  29062
2:  29032

A:","[' 1', ' 2']",1,True,10.0,0,False,True,other
"Q: What is the height of Mount Everest in feet?
1:  29032
2:  29072

A:","Random number: 29072.
Q: What is the height of Mount Everest in feet?
1:  29032
2:  29072

A:","[' 1', ' 2']",0,True,10.0,0,False,False,other
"Q: What is the height of Mount Everest in feet?
1:  29072
2:  29032

A:","Random number: 29072.
Q: What is the height of Mount Everest in feet?
1:  29072
2:  29032

A:","[' 1', ' 2']",1,True,10.0,0,False,True,other
"Q: What is the height of Mount Everest in feet?
1:  29032
2:  29082

A:","Random number: 29082.
Q: What is the height of Mount Everest in feet?
1:  29032
2:  29082

A:","[' 1', ' 2']",0,True,10.0,0,False,False,other
"Q: What is the height of Mount Everest in feet?
1:  29082
2:  29032

A:","Random number: 29082.
Q: What is the height of Mount Everest in feet?
1:  29082
2:  29032

A:","[' 1', ' 2']",1,True,10.0,0,False,True,other
"Q: What is the height of Mount Everest in feet?
1:  29032
2:  29092

A:","Random number: 29092.
Q: What is the height of Mount Everest in feet?
1:  29032
2:  29092

A:","[' 1', ' 2']",0,True,10.0,0,False,False,other
"Q: What is the height of Mount Everest in feet?
1:  29092
2:  29032

A:","Random number: 29092.
Q: What is the height of Mount Everest in feet?
1:  29092
2:  29032

A:","[' 1', ' 2']",1,True,10.0,0,False,True,other
"Q: What is the height of Mount Everest in feet?
1:  29032
2:  29102

A:","Random number: 29102.
Q: What is the height of Mount Everest in feet?
1:  29032
2:  29102

A:","[' 1', ' 2']",0,True,10.0,0,False,False,other
"Q: What is the height of Mount Everest in feet?
1:  29102
2:  29032

A:","Random number: 29102.
Q: What is the height of Mount Everest in feet?
1:  29102
2:  29032

A:","[' 1', ' 2']",1,True,10.0,0,False,True,other
"Q: What is the height of Mount Everest in feet?
1:  29032
2:  29112

A:","Random number: 29112.
Q: What is the height of Mount Everest in feet?
1:  29032
2:  29112

A:","[' 1', ' 2']",0,True,10.0,0,False,False,other
"Q: What is the height of Mount Everest in feet?
1:  29112
2:  29032

A:","Random number: 29112.
Q: What is the height of Mount Everest in feet?
1:  29112
2:  29032

A:","[' 1', ' 2']",1,True,10.0,0,False,True,other
"Q: What is the height of Mount Everest in feet?
1:  29032
2:  29122

A:","Random number: 29122.
Q: What is the height of Mount Everest in feet?
1:  29032
2:  29122

A:","[' 1', ' 2']",0,True,10.0,0,False,False,other
"Q: What is the height of Mount Everest in feet?
1:  29122
2:  29032

A:","Random number: 29122.
Q: What is the height of Mount Everest in feet?
1:  29122
2:  29032

A:","[' 1', ' 2']",1,True,10.0,0,False,True,other
"Q: What is the height of Mount Everest in feet?
1:  29032
2:  29132

A:","Random number: 29132.
Q: What is the height of Mount Everest in feet?
1:  29032
2:  29132

A:","[' 1', ' 2']",0,True,10.0,0,False,False,other
"Q: What is the height of Mount Everest in feet?
1:  29132
2:  29032

A:","Random number: 29132.
Q: What is the height of Mount Everest in feet?
1:  29132
2:  29032

A:","[' 1', ' 2']",1,True,10.0,0,False,True,other
"Q: What is the height of Mount Everest in feet?
1:  29032
2:  29142

A:","Random number: 29142.
Q: What is the height of Mount Everest in feet?
1:  29032
2:  29142

A:","[' 1', ' 2']",0,True,10.0,0,False,False,other
"Q: What is the height of Mount Everest in feet?
1:  29142
2:  29032

A:","Random number: 29142.
Q: What is the height of Mount Everest in feet?
1:  29142
2:  29032

A:","[' 1', ' 2']",1,True,10.0,0,False,True,other
"Q: What is the distance to the moon in miles?
1:  238900
2:  237800

A:","Random number: 237800.
Q: What is the distance to the moon in miles?
1:  238900
2:  237800

A:","[' 1', ' 2']",0,True,100.0,0,False,False,other
"Q: What is the distance to the moon in miles?
1:  237800
2:  238900

A:","Random number: 237800.
Q: What is the distance to the moon in miles?
1:  237800
2:  238900

A:","[' 1', ' 2']",1,True,100.0,0,False,True,other
"Q: What is the distance to the moon in miles?
1:  238900
2:  237900

A:","Random number: 237900.
Q: What is the distance to the moon in miles?
1:  238900
2:  237900

A:","[' 1', ' 2']",0,True,100.0,0,False,False,other
"Q: What is the distance to the moon in miles?
1:  237900
2:  238900

A:","Random number: 237900.
Q: What is the distance to the moon in miles?
1:  237900
2:  238900

A:","[' 1', ' 2']",1,True,100.0,0,False,True,other
"Q: What is the distance to the moon in miles?
1:  238900
2:  238000

A:","Random number: 238000.
Q: What is the distance to the moon in miles?
1:  238900
2:  238000

A:","[' 1', ' 2']",0,True,100.0,0,False,False,other
"Q: What is the distance to the moon in miles?
1:  238000
2:  238900

A:","Random number: 238000.
Q: What is the distance to the moon in miles?
1:  238000
2:  238900

A:","[' 1', ' 2']",1,True,100.0,0,False,True,other
"Q: What is the distance to the moon in miles?
1:  238900
2:  238100

A:","Random number: 238100.
Q: What is the distance to the moon in miles?
1:  238900
2:  238100

A:","[' 1', ' 2']",0,True,100.0,0,False,False,other
"Q: What is the distance to the moon in miles?
1:  238100
2:  238900

A:","Random number: 238100.
Q: What is the distance to the moon in miles?
1:  238100
2:  238900

A:","[' 1', ' 2']",1,True,100.0,0,False,True,other
"Q: What is the distance to the moon in miles?
1:  238900
2:  238200

A:","Random number: 238200.
Q: What is the distance to the moon in miles?
1:  238900
2:  238200

A:","[' 1', ' 2']",0,True,100.0,0,False,False,other
"Q: What is the distance to the moon in miles?
1:  238200
2:  238900

A:","Random number: 238200.
Q: What is the distance to the moon in miles?
1:  238200
2:  238900

A:","[' 1', ' 2']",1,True,100.0,0,False,True,other
"Q: What is the distance to the moon in miles?
1:  238900
2:  238300

A:","Random number: 238300.
Q: What is the distance to the moon in miles?
1:  238900
2:  238300

A:","[' 1', ' 2']",0,True,100.0,0,False,False,other
"Q: What is the distance to the moon in miles?
1:  238300
2:  238900

A:","Random number: 238300.
Q: What is the distance to the moon in miles?
1:  238300
2:  238900

A:","[' 1', ' 2']",1,True,100.0,0,False,True,other
"Q: What is the distance to the moon in miles?
1:  238900
2:  238400

A:","Random number: 238400.
Q: What is the distance to the moon in miles?
1:  238900
2:  238400

A:","[' 1', ' 2']",0,True,100.0,0,False,False,other
"Q: What is the distance to the moon in miles?
1:  238400
2:  238900

A:","Random number: 238400.
Q: What is the distance to the moon in miles?
1:  238400
2:  238900

A:","[' 1', ' 2']",1,True,100.0,0,False,True,other
"Q: What is the distance to the moon in miles?
1:  238900
2:  238500

A:","Random number: 238500.
Q: What is the distance to the moon in miles?
1:  238900
2:  238500

A:","[' 1', ' 2']",0,True,100.0,0,False,False,other
"Q: What is the distance to the moon in miles?
1:  238500
2:  238900

A:","Random number: 238500.
Q: What is the distance to the moon in miles?
1:  238500
2:  238900

A:","[' 1', ' 2']",1,True,100.0,0,False,True,other
"Q: What is the distance to the moon in miles?
1:  238900
2:  238600

A:","Random number: 238600.
Q: What is the distance to the moon in miles?
1:  238900
2:  238600

A:","[' 1', ' 2']",0,True,100.0,0,False,False,other
"Q: What is the distance to the moon in miles?
1:  238600
2:  238900

A:","Random number: 238600.
Q: What is the distance to the moon in miles?
1:  238600
2:  238900

A:","[' 1', ' 2']",1,True,100.0,0,False,True,other
"Q: What is the distance to the moon in miles?
1:  238900
2:  238700

A:","Random number: 238700.
Q: What is the distance to the moon in miles?
1:  238900
2:  238700

A:","[' 1', ' 2']",0,True,100.0,0,False,False,other
"Q: What is the distance to the moon in miles?
1:  238700
2:  238900

A:","Random number: 238700.
Q: What is the distance to the moon in miles?
1:  238700
2:  238900

A:","[' 1', ' 2']",1,True,100.0,0,False,True,other
"Q: What is the distance to the moon in miles?
1:  238900
2:  239100

A:","Random number: 239100.
Q: What is the distance to the moon in miles?
1:  238900
2:  239100

A:","[' 1', ' 2']",0,True,100.0,0,False,False,other
"Q: What is the distance to the moon in miles?
1:  239100
2:  238900

A:","Random number: 239100.
Q: What is the distance to the moon in miles?
1:  239100
2:  238900

A:","[' 1', ' 2']",1,True,100.0,0,False,True,other
"Q: What is the distance to the moon in miles?
1:  238900
2:  239200

A:","Random number: 239200.
Q: What is the distance to the moon in miles?
1:  238900
2:  239200

A:","[' 1', ' 2']",0,True,100.0,0,False,False,other
"Q: What is the distance to the moon in miles?
1:  239200
2:  238900

A:","Random number: 239200.
Q: What is the distance to the moon in miles?
1:  239200
2:  238900

A:","[' 1', ' 2']",1,True,100.0,0,False,True,other
"Q: What is the distance to the moon in miles?
1:  238900
2:  239300

A:","Random number: 239300.
Q: What is the distance to the moon in miles?
1:  238900
2:  239300

A:","[' 1', ' 2']",0,True,100.0,0,False,False,other
"Q: What is the distance to the moon in miles?
1:  239300
2:  238900

A:","Random number: 239300.
Q: What is the distance to the moon in miles?
1:  239300
2:  238900

A:","[' 1', ' 2']",1,True,100.0,0,False,True,other
"Q: What is the distance to the moon in miles?
1:  238900
2:  239400

A:","Random number: 239400.
Q: What is the distance to the moon in miles?
1:  238900
2:  239400

A:","[' 1', ' 2']",0,True,100.0,0,False,False,other
"Q: What is the distance to the moon in miles?
1:  239400
2:  238900

A:","Random number: 239400.
Q: What is the distance to the moon in miles?
1:  239400
2:  238900

A:","[' 1', ' 2']",1,True,100.0,0,False,True,other
"Q: What is the distance to the moon in miles?
1:  238900
2:  239500

A:","Random number: 239500.
Q: What is the distance to the moon in miles?
1:  238900
2:  239500

A:","[' 1', ' 2']",0,True,100.0,0,False,False,other
"Q: What is the distance to the moon in miles?
1:  239500
2:  238900

A:","Random number: 239500.
Q: What is the distance to the moon in miles?
1:  239500
2:  238900

A:","[' 1', ' 2']",1,True,100.0,0,False,True,other
"Q: What is the distance to the moon in miles?
1:  238900
2:  239600

A:","Random number: 239600.
Q: What is the distance to the moon in miles?
1:  238900
2:  239600

A:","[' 1', ' 2']",0,True,100.0,0,False,False,other
"Q: What is the distance to the moon in miles?
1:  239600
2:  238900

A:","Random number: 239600.
Q: What is the distance to the moon in miles?
1:  239600
2:  238900

A:","[' 1', ' 2']",1,True,100.0,0,False,True,other
"Q: What is the distance to the moon in miles?
1:  238900
2:  239700

A:","Random number: 239700.
Q: What is the distance to the moon in miles?
1:  238900
2:  239700

A:","[' 1', ' 2']",0,True,100.0,0,False,False,other
"Q: What is the distance to the moon in miles?
1:  239700
2:  238900

A:","Random number: 239700.
Q: What is the distance to the moon in miles?
1:  239700
2:  238900

A:","[' 1', ' 2']",1,True,100.0,0,False,True,other
"Q: What is the distance to the moon in miles?
1:  238900
2:  239800

A:","Random number: 239800.
Q: What is the distance to the moon in miles?
1:  238900
2:  239800

A:","[' 1', ' 2']",0,True,100.0,0,False,False,other
"Q: What is the distance to the moon in miles?
1:  239800
2:  238900

A:","Random number: 239800.
Q: What is the distance to the moon in miles?
1:  239800
2:  238900

A:","[' 1', ' 2']",1,True,100.0,0,False,True,other
"Q: What is the distance to the moon in miles?
1:  238900
2:  239900

A:","Random number: 239900.
Q: What is the distance to the moon in miles?
1:  238900
2:  239900

A:","[' 1', ' 2']",0,True,100.0,0,False,False,other
"Q: What is the distance to the moon in miles?
1:  239900
2:  238900

A:","Random number: 239900.
Q: What is the distance to the moon in miles?
1:  239900
2:  238900

A:","[' 1', ' 2']",1,True,100.0,0,False,True,other
"Q: What is the distance to the moon in miles?
1:  238900
2:  240000

A:","Random number: 240000.
Q: What is the distance to the moon in miles?
1:  238900
2:  240000

A:","[' 1', ' 2']",0,True,100.0,0,False,False,other
"Q: What is the distance to the moon in miles?
1:  240000
2:  238900

A:","Random number: 240000.
Q: What is the distance to the moon in miles?
1:  240000
2:  238900

A:","[' 1', ' 2']",1,True,100.0,0,False,True,other
"Q: What is the circumference of Earth at the Equator?
1:  24901
2:  24791

A:","Random number: 24791.
Q: What is the circumference of Earth at the Equator?
1:  24901
2:  24791

A:","[' 1', ' 2']",0,True,10.0,0,False,False,other
"Q: What is the circumference of Earth at the Equator?
1:  24791
2:  24901

A:","Random number: 24791.
Q: What is the circumference of Earth at the Equator?
1:  24791
2:  24901

A:","[' 1', ' 2']",1,True,10.0,0,False,True,other
"Q: What is the circumference of Earth at the Equator?
1:  24901
2:  24801

A:","Random number: 24801.
Q: What is the circumference of Earth at the Equator?
1:  24901
2:  24801

A:","[' 1', ' 2']",0,True,10.0,0,False,False,other
"Q: What is the circumference of Earth at the Equator?
1:  24801
2:  24901

A:","Random number: 24801.
Q: What is the circumference of Earth at the Equator?
1:  24801
2:  24901

A:","[' 1', ' 2']",1,True,10.0,0,False,True,other
"Q: What is the circumference of Earth at the Equator?
1:  24901
2:  24811

A:","Random number: 24811.
Q: What is the circumference of Earth at the Equator?
1:  24901
2:  24811

A:","[' 1', ' 2']",0,True,10.0,0,False,False,other
"Q: What is the circumference of Earth at the Equator?
1:  24811
2:  24901

A:","Random number: 24811.
Q: What is the circumference of Earth at the Equator?
1:  24811
2:  24901

A:","[' 1', ' 2']",1,True,10.0,0,False,True,other
"Q: What is the circumference of Earth at the Equator?
1:  24901
2:  24821

A:","Random number: 24821.
Q: What is the circumference of Earth at the Equator?
1:  24901
2:  24821

A:","[' 1', ' 2']",0,True,10.0,0,False,False,other
"Q: What is the circumference of Earth at the Equator?
1:  24821
2:  24901

A:","Random number: 24821.
Q: What is the circumference of Earth at the Equator?
1:  24821
2:  24901

A:","[' 1', ' 2']",1,True,10.0,0,False,True,other
"Q: What is the circumference of Earth at the Equator?
1:  24901
2:  24831

A:","Random number: 24831.
Q: What is the circumference of Earth at the Equator?
1:  24901
2:  24831

A:","[' 1', ' 2']",0,True,10.0,0,False,False,other
"Q: What is the circumference of Earth at the Equator?
1:  24831
2:  24901

A:","Random number: 24831.
Q: What is the circumference of Earth at the Equator?
1:  24831
2:  24901

A:","[' 1', ' 2']",1,True,10.0,0,False,True,other
"Q: What is the circumference of Earth at the Equator?
1:  24901
2:  24841

A:","Random number: 24841.
Q: What is the circumference of Earth at the Equator?
1:  24901
2:  24841

A:","[' 1', ' 2']",0,True,10.0,0,False,False,other
"Q: What is the circumference of Earth at the Equator?
1:  24841
2:  24901

A:","Random number: 24841.
Q: What is the circumference of Earth at the Equator?
1:  24841
2:  24901

A:","[' 1', ' 2']",1,True,10.0,0,False,True,other
"Q: What is the circumference of Earth at the Equator?
1:  24901
2:  24851

A:","Random number: 24851.
Q: What is the circumference of Earth at the Equator?
1:  24901
2:  24851

A:","[' 1', ' 2']",0,True,10.0,0,False,False,other
"Q: What is the circumference of Earth at the Equator?
1:  24851
2:  24901

A:","Random number: 24851.
Q: What is the circumference of Earth at the Equator?
1:  24851
2:  24901

A:","[' 1', ' 2']",1,True,10.0,0,False,True,other
"Q: What is the circumference of Earth at the Equator?
1:  24901
2:  24861

A:","Random number: 24861.
Q: What is the circumference of Earth at the Equator?
1:  24901
2:  24861

A:","[' 1', ' 2']",0,True,10.0,0,False,False,other
"Q: What is the circumference of Earth at the Equator?
1:  24861
2:  24901

A:","Random number: 24861.
Q: What is the circumference of Earth at the Equator?
1:  24861
2:  24901

A:","[' 1', ' 2']",1,True,10.0,0,False,True,other
"Q: What is the circumference of Earth at the Equator?
1:  24901
2:  24871

A:","Random number: 24871.
Q: What is the circumference of Earth at the Equator?
1:  24901
2:  24871

A:","[' 1', ' 2']",0,True,10.0,0,False,False,other
"Q: What is the circumference of Earth at the Equator?
1:  24871
2:  24901

A:","Random number: 24871.
Q: What is the circumference of Earth at the Equator?
1:  24871
2:  24901

A:","[' 1', ' 2']",1,True,10.0,0,False,True,other
"Q: What is the circumference of Earth at the Equator?
1:  24901
2:  24881

A:","Random number: 24881.
Q: What is the circumference of Earth at the Equator?
1:  24901
2:  24881

A:","[' 1', ' 2']",0,True,10.0,0,False,False,other
"Q: What is the circumference of Earth at the Equator?
1:  24881
2:  24901

A:","Random number: 24881.
Q: What is the circumference of Earth at the Equator?
1:  24881
2:  24901

A:","[' 1', ' 2']",1,True,10.0,0,False,True,other
"Q: What is the circumference of Earth at the Equator?
1:  24901
2:  24921

A:","Random number: 24921.
Q: What is the circumference of Earth at the Equator?
1:  24901
2:  24921

A:","[' 1', ' 2']",0,True,10.0,0,False,False,other
"Q: What is the circumference of Earth at the Equator?
1:  24921
2:  24901

A:","Random number: 24921.
Q: What is the circumference of Earth at the Equator?
1:  24921
2:  24901

A:","[' 1', ' 2']",1,True,10.0,0,False,True,other
"Q: What is the circumference of Earth at the Equator?
1:  24901
2:  24931

A:","Random number: 24931.
Q: What is the circumference of Earth at the Equator?
1:  24901
2:  24931

A:","[' 1', ' 2']",0,True,10.0,0,False,False,other
"Q: What is the circumference of Earth at the Equator?
1:  24931
2:  24901

A:","Random number: 24931.
Q: What is the circumference of Earth at the Equator?
1:  24931
2:  24901

A:","[' 1', ' 2']",1,True,10.0,0,False,True,other
"Q: What is the circumference of Earth at the Equator?
1:  24901
2:  24941

A:","Random number: 24941.
Q: What is the circumference of Earth at the Equator?
1:  24901
2:  24941

A:","[' 1', ' 2']",0,True,10.0,0,False,False,other
"Q: What is the circumference of Earth at the Equator?
1:  24941
2:  24901

A:","Random number: 24941.
Q: What is the circumference of Earth at the Equator?
1:  24941
2:  24901

A:","[' 1', ' 2']",1,True,10.0,0,False,True,other
"Q: What is the circumference of Earth at the Equator?
1:  24901
2:  24951

A:","Random number: 24951.
Q: What is the circumference of Earth at the Equator?
1:  24901
2:  24951

A:","[' 1', ' 2']",0,True,10.0,0,False,False,other
"Q: What is the circumference of Earth at the Equator?
1:  24951
2:  24901

A:","Random number: 24951.
Q: What is the circumference of Earth at the Equator?
1:  24951
2:  24901

A:","[' 1', ' 2']",1,True,10.0,0,False,True,other
"Q: What is the circumference of Earth at the Equator?
1:  24901
2:  24961

A:","Random number: 24961.
Q: What is the circumference of Earth at the Equator?
1:  24901
2:  24961

A:","[' 1', ' 2']",0,True,10.0,0,False,False,other
"Q: What is the circumference of Earth at the Equator?
1:  24961
2:  24901

A:","Random number: 24961.
Q: What is the circumference of Earth at the Equator?
1:  24961
2:  24901

A:","[' 1', ' 2']",1,True,10.0,0,False,True,other
"Q: What is the circumference of Earth at the Equator?
1:  24901
2:  24971

A:","Random number: 24971.
Q: What is the circumference of Earth at the Equator?
1:  24901
2:  24971

A:","[' 1', ' 2']",0,True,10.0,0,False,False,other
"Q: What is the circumference of Earth at the Equator?
1:  24971
2:  24901

A:","Random number: 24971.
Q: What is the circumference of Earth at the Equator?
1:  24971
2:  24901

A:","[' 1', ' 2']",1,True,10.0,0,False,True,other
"Q: What is the circumference of Earth at the Equator?
1:  24901
2:  24981

A:","Random number: 24981.
Q: What is the circumference of Earth at the Equator?
1:  24901
2:  24981

A:","[' 1', ' 2']",0,True,10.0,0,False,False,other
"Q: What is the circumference of Earth at the Equator?
1:  24981
2:  24901

A:","Random number: 24981.
Q: What is the circumference of Earth at the Equator?
1:  24981
2:  24901

A:","[' 1', ' 2']",1,True,10.0,0,False,True,other
"Q: What is the circumference of Earth at the Equator?
1:  24901
2:  24991

A:","Random number: 24991.
Q: What is the circumference of Earth at the Equator?
1:  24901
2:  24991

A:","[' 1', ' 2']",0,True,10.0,0,False,False,other
"Q: What is the circumference of Earth at the Equator?
1:  24991
2:  24901

A:","Random number: 24991.
Q: What is the circumference of Earth at the Equator?
1:  24991
2:  24901

A:","[' 1', ' 2']",1,True,10.0,0,False,True,other
"Q: What is the circumference of Earth at the Equator?
1:  24901
2:  25001

A:","Random number: 25001.
Q: What is the circumference of Earth at the Equator?
1:  24901
2:  25001

A:","[' 1', ' 2']",0,True,10.0,0,False,False,other
"Q: What is the circumference of Earth at the Equator?
1:  25001
2:  24901

A:","Random number: 25001.
Q: What is the circumference of Earth at the Equator?
1:  25001
2:  24901

A:","[' 1', ' 2']",1,True,10.0,0,False,True,other
"Q: What is the circumference of Earth at the Equator?
1:  24901
2:  25011

A:","Random number: 25011.
Q: What is the circumference of Earth at the Equator?
1:  24901
2:  25011

A:","[' 1', ' 2']",0,True,10.0,0,False,False,other
"Q: What is the circumference of Earth at the Equator?
1:  25011
2:  24901

A:","Random number: 25011.
Q: What is the circumference of Earth at the Equator?
1:  25011
2:  24901

A:","[' 1', ' 2']",1,True,10.0,0,False,True,other
"Q: How many hours are in a year?
1:  8760
2:  8650

A:","Random number: 8650.
Q: How many hours are in a year?
1:  8760
2:  8650

A:","[' 1', ' 2']",0,True,10.0,0,False,False,other
"Q: How many hours are in a year?
1:  8650
2:  8760

A:","Random number: 8650.
Q: How many hours are in a year?
1:  8650
2:  8760

A:","[' 1', ' 2']",1,True,10.0,0,False,True,other
"Q: How many hours are in a year?
1:  8760
2:  8660

A:","Random number: 8660.
Q: How many hours are in a year?
1:  8760
2:  8660

A:","[' 1', ' 2']",0,True,10.0,0,False,False,other
"Q: How many hours are in a year?
1:  8660
2:  8760

A:","Random number: 8660.
Q: How many hours are in a year?
1:  8660
2:  8760

A:","[' 1', ' 2']",1,True,10.0,0,False,True,other
"Q: How many hours are in a year?
1:  8760
2:  8670

A:","Random number: 8670.
Q: How many hours are in a year?
1:  8760
2:  8670

A:","[' 1', ' 2']",0,True,10.0,0,False,False,other
"Q: How many hours are in a year?
1:  8670
2:  8760

A:","Random number: 8670.
Q: How many hours are in a year?
1:  8670
2:  8760

A:","[' 1', ' 2']",1,True,10.0,0,False,True,other
"Q: How many hours are in a year?
1:  8760
2:  8680

A:","Random number: 8680.
Q: How many hours are in a year?
1:  8760
2:  8680

A:","[' 1', ' 2']",0,True,10.0,0,False,False,other
"Q: How many hours are in a year?
1:  8680
2:  8760

A:","Random number: 8680.
Q: How many hours are in a year?
1:  8680
2:  8760

A:","[' 1', ' 2']",1,True,10.0,0,False,True,other
"Q: How many hours are in a year?
1:  8760
2:  8690

A:","Random number: 8690.
Q: How many hours are in a year?
1:  8760
2:  8690

A:","[' 1', ' 2']",0,True,10.0,0,False,False,other
"Q: How many hours are in a year?
1:  8690
2:  8760

A:","Random number: 8690.
Q: How many hours are in a year?
1:  8690
2:  8760

A:","[' 1', ' 2']",1,True,10.0,0,False,True,other
"Q: How many hours are in a year?
1:  8760
2:  8700

A:","Random number: 8700.
Q: How many hours are in a year?
1:  8760
2:  8700

A:","[' 1', ' 2']",0,True,10.0,0,False,False,other
"Q: How many hours are in a year?
1:  8700
2:  8760

A:","Random number: 8700.
Q: How many hours are in a year?
1:  8700
2:  8760

A:","[' 1', ' 2']",1,True,10.0,0,False,True,other
"Q: How many hours are in a year?
1:  8760
2:  8710

A:","Random number: 8710.
Q: How many hours are in a year?
1:  8760
2:  8710

A:","[' 1', ' 2']",0,True,10.0,0,False,False,other
"Q: How many hours are in a year?
1:  8710
2:  8760

A:","Random number: 8710.
Q: How many hours are in a year?
1:  8710
2:  8760

A:","[' 1', ' 2']",1,True,10.0,0,False,True,other
"Q: How many hours are in a year?
1:  8760
2:  8720

A:","Random number: 8720.
Q: How many hours are in a year?
1:  8760
2:  8720

A:","[' 1', ' 2']",0,True,10.0,0,False,False,other
"Q: How many hours are in a year?
1:  8720
2:  8760

A:","Random number: 8720.
Q: How many hours are in a year?
1:  8720
2:  8760

A:","[' 1', ' 2']",1,True,10.0,0,False,True,other
"Q: How many hours are in a year?
1:  8760
2:  8730

A:","Random number: 8730.
Q: How many hours are in a year?
1:  8760
2:  8730

A:","[' 1', ' 2']",0,True,10.0,0,False,False,other
"Q: How many hours are in a year?
1:  8730
2:  8760

A:","Random number: 8730.
Q: How many hours are in a year?
1:  8730
2:  8760

A:","[' 1', ' 2']",1,True,10.0,0,False,True,other
"Q: How many hours are in a year?
1:  8760
2:  8740

A:","Random number: 8740.
Q: How many hours are in a year?
1:  8760
2:  8740

A:","[' 1', ' 2']",0,True,10.0,0,False,False,other
"Q: How many hours are in a year?
1:  8740
2:  8760

A:","Random number: 8740.
Q: How many hours are in a year?
1:  8740
2:  8760

A:","[' 1', ' 2']",1,True,10.0,0,False,True,other
"Q: How many hours are in a year?
1:  8760
2:  8780

A:","Random number: 8780.
Q: How many hours are in a year?
1:  8760
2:  8780

A:","[' 1', ' 2']",0,True,10.0,0,False,False,other
"Q: How many hours are in a year?
1:  8780
2:  8760

A:","Random number: 8780.
Q: How many hours are in a year?
1:  8780
2:  8760

A:","[' 1', ' 2']",1,True,10.0,0,False,True,other
"Q: How many hours are in a year?
1:  8760
2:  8790

A:","Random number: 8790.
Q: How many hours are in a year?
1:  8760
2:  8790

A:","[' 1', ' 2']",0,True,10.0,0,False,False,other
"Q: How many hours are in a year?
1:  8790
2:  8760

A:","Random number: 8790.
Q: How many hours are in a year?
1:  8790
2:  8760

A:","[' 1', ' 2']",1,True,10.0,0,False,True,other
"Q: How many hours are in a year?
1:  8760
2:  8800

A:","Random number: 8800.
Q: How many hours are in a year?
1:  8760
2:  8800

A:","[' 1', ' 2']",0,True,10.0,0,False,False,other
"Q: How many hours are in a year?
1:  8800
2:  8760

A:","Random number: 8800.
Q: How many hours are in a year?
1:  8800
2:  8760

A:","[' 1', ' 2']",1,True,10.0,0,False,True,other
"Q: How many hours are in a year?
1:  8760
2:  8810

A:","Random number: 8810.
Q: How many hours are in a year?
1:  8760
2:  8810

A:","[' 1', ' 2']",0,True,10.0,0,False,False,other
"Q: How many hours are in a year?
1:  8810
2:  8760

A:","Random number: 8810.
Q: How many hours are in a year?
1:  8810
2:  8760

A:","[' 1', ' 2']",1,True,10.0,0,False,True,other
"Q: How many hours are in a year?
1:  8760
2:  8820

A:","Random number: 8820.
Q: How many hours are in a year?
1:  8760
2:  8820

A:","[' 1', ' 2']",0,True,10.0,0,False,False,other
"Q: How many hours are in a year?
1:  8820
2:  8760

A:","Random number: 8820.
Q: How many hours are in a year?
1:  8820
2:  8760

A:","[' 1', ' 2']",1,True,10.0,0,False,True,other
"Q: How many hours are in a year?
1:  8760
2:  8830

A:","Random number: 8830.
Q: How many hours are in a year?
1:  8760
2:  8830

A:","[' 1', ' 2']",0,True,10.0,0,False,False,other
"Q: How many hours are in a year?
1:  8830
2:  8760

A:","Random number: 8830.
Q: How many hours are in a year?
1:  8830
2:  8760

A:","[' 1', ' 2']",1,True,10.0,0,False,True,other
"Q: How many hours are in a year?
1:  8760
2:  8840

A:","Random number: 8840.
Q: How many hours are in a year?
1:  8760
2:  8840

A:","[' 1', ' 2']",0,True,10.0,0,False,False,other
"Q: How many hours are in a year?
1:  8840
2:  8760

A:","Random number: 8840.
Q: How many hours are in a year?
1:  8840
2:  8760

A:","[' 1', ' 2']",1,True,10.0,0,False,True,other
"Q: How many hours are in a year?
1:  8760
2:  8850

A:","Random number: 8850.
Q: How many hours are in a year?
1:  8760
2:  8850

A:","[' 1', ' 2']",0,True,10.0,0,False,False,other
"Q: How many hours are in a year?
1:  8850
2:  8760

A:","Random number: 8850.
Q: How many hours are in a year?
1:  8850
2:  8760

A:","[' 1', ' 2']",1,True,10.0,0,False,True,other
"Q: How many hours are in a year?
1:  8760
2:  8860

A:","Random number: 8860.
Q: How many hours are in a year?
1:  8760
2:  8860

A:","[' 1', ' 2']",0,True,10.0,0,False,False,other
"Q: How many hours are in a year?
1:  8860
2:  8760

A:","Random number: 8860.
Q: How many hours are in a year?
1:  8860
2:  8760

A:","[' 1', ' 2']",1,True,10.0,0,False,True,other
"Q: How many hours are in a year?
1:  8760
2:  8870

A:","Random number: 8870.
Q: How many hours are in a year?
1:  8760
2:  8870

A:","[' 1', ' 2']",0,True,10.0,0,False,False,other
"Q: How many hours are in a year?
1:  8870
2:  8760

A:","Random number: 8870.
Q: How many hours are in a year?
1:  8870
2:  8760

A:","[' 1', ' 2']",1,True,10.0,0,False,True,other
"Q: How long is the Chinese Wall in kilometers?
1:  21196
2:  21086

A:","Random number: 21086.
Q: How long is the Chinese Wall in kilometers?
1:  21196
2:  21086

A:","[' 1', ' 2']",0,True,10.0,0,False,False,other
"Q: How long is the Chinese Wall in kilometers?
1:  21086
2:  21196

A:","Random number: 21086.
Q: How long is the Chinese Wall in kilometers?
1:  21086
2:  21196

A:","[' 1', ' 2']",1,True,10.0,0,False,True,other
"Q: How long is the Chinese Wall in kilometers?
1:  21196
2:  21096

A:","Random number: 21096.
Q: How long is the Chinese Wall in kilometers?
1:  21196
2:  21096

A:","[' 1', ' 2']",0,True,10.0,0,False,False,other
"Q: How long is the Chinese Wall in kilometers?
1:  21096
2:  21196

A:","Random number: 21096.
Q: How long is the Chinese Wall in kilometers?
1:  21096
2:  21196

A:","[' 1', ' 2']",1,True,10.0,0,False,True,other
"Q: How long is the Chinese Wall in kilometers?
1:  21196
2:  21106

A:","Random number: 21106.
Q: How long is the Chinese Wall in kilometers?
1:  21196
2:  21106

A:","[' 1', ' 2']",0,True,10.0,0,False,False,other
"Q: How long is the Chinese Wall in kilometers?
1:  21106
2:  21196

A:","Random number: 21106.
Q: How long is the Chinese Wall in kilometers?
1:  21106
2:  21196

A:","[' 1', ' 2']",1,True,10.0,0,False,True,other
"Q: How long is the Chinese Wall in kilometers?
1:  21196
2:  21116

A:","Random number: 21116.
Q: How long is the Chinese Wall in kilometers?
1:  21196
2:  21116

A:","[' 1', ' 2']",0,True,10.0,0,False,False,other
"Q: How long is the Chinese Wall in kilometers?
1:  21116
2:  21196

A:","Random number: 21116.
Q: How long is the Chinese Wall in kilometers?
1:  21116
2:  21196

A:","[' 1', ' 2']",1,True,10.0,0,False,True,other
"Q: How long is the Chinese Wall in kilometers?
1:  21196
2:  21126

A:","Random number: 21126.
Q: How long is the Chinese Wall in kilometers?
1:  21196
2:  21126

A:","[' 1', ' 2']",0,True,10.0,0,False,False,other
"Q: How long is the Chinese Wall in kilometers?
1:  21126
2:  21196

A:","Random number: 21126.
Q: How long is the Chinese Wall in kilometers?
1:  21126
2:  21196

A:","[' 1', ' 2']",1,True,10.0,0,False,True,other
"Q: How long is the Chinese Wall in kilometers?
1:  21196
2:  21136

A:","Random number: 21136.
Q: How long is the Chinese Wall in kilometers?
1:  21196
2:  21136

A:","[' 1', ' 2']",0,True,10.0,0,False,False,other
"Q: How long is the Chinese Wall in kilometers?
1:  21136
2:  21196

A:","Random number: 21136.
Q: How long is the Chinese Wall in kilometers?
1:  21136
2:  21196

A:","[' 1', ' 2']",1,True,10.0,0,False,True,other
"Q: How long is the Chinese Wall in kilometers?
1:  21196
2:  21146

A:","Random number: 21146.
Q: How long is the Chinese Wall in kilometers?
1:  21196
2:  21146

A:","[' 1', ' 2']",0,True,10.0,0,False,False,other
"Q: How long is the Chinese Wall in kilometers?
1:  21146
2:  21196

A:","Random number: 21146.
Q: How long is the Chinese Wall in kilometers?
1:  21146
2:  21196

A:","[' 1', ' 2']",1,True,10.0,0,False,True,other
"Q: How long is the Chinese Wall in kilometers?
1:  21196
2:  21156

A:","Random number: 21156.
Q: How long is the Chinese Wall in kilometers?
1:  21196
2:  21156

A:","[' 1', ' 2']",0,True,10.0,0,False,False,other
"Q: How long is the Chinese Wall in kilometers?
1:  21156
2:  21196

A:","Random number: 21156.
Q: How long is the Chinese Wall in kilometers?
1:  21156
2:  21196

A:","[' 1', ' 2']",1,True,10.0,0,False,True,other
"Q: How long is the Chinese Wall in kilometers?
1:  21196
2:  21166

A:","Random number: 21166.
Q: How long is the Chinese Wall in kilometers?
1:  21196
2:  21166

A:","[' 1', ' 2']",0,True,10.0,0,False,False,other
"Q: How long is the Chinese Wall in kilometers?
1:  21166
2:  21196

A:","Random number: 21166.
Q: How long is the Chinese Wall in kilometers?
1:  21166
2:  21196

A:","[' 1', ' 2']",1,True,10.0,0,False,True,other
"Q: How long is the Chinese Wall in kilometers?
1:  21196
2:  21176

A:","Random number: 21176.
Q: How long is the Chinese Wall in kilometers?
1:  21196
2:  21176

A:","[' 1', ' 2']",0,True,10.0,0,False,False,other
"Q: How long is the Chinese Wall in kilometers?
1:  21176
2:  21196

A:","Random number: 21176.
Q: How long is the Chinese Wall in kilometers?
1:  21176
2:  21196

A:","[' 1', ' 2']",1,True,10.0,0,False,True,other
"Q: How long is the Chinese Wall in kilometers?
1:  21196
2:  21216

A:","Random number: 21216.
Q: How long is the Chinese Wall in kilometers?
1:  21196
2:  21216

A:","[' 1', ' 2']",0,True,10.0,0,False,False,other
"Q: How long is the Chinese Wall in kilometers?
1:  21216
2:  21196

A:","Random number: 21216.
Q: How long is the Chinese Wall in kilometers?
1:  21216
2:  21196

A:","[' 1', ' 2']",1,True,10.0,0,False,True,other
"Q: How long is the Chinese Wall in kilometers?
1:  21196
2:  21226

A:","Random number: 21226.
Q: How long is the Chinese Wall in kilometers?
1:  21196
2:  21226

A:","[' 1', ' 2']",0,True,10.0,0,False,False,other
"Q: How long is the Chinese Wall in kilometers?
1:  21226
2:  21196

A:","Random number: 21226.
Q: How long is the Chinese Wall in kilometers?
1:  21226
2:  21196

A:","[' 1', ' 2']",1,True,10.0,0,False,True,other
"Q: How long is the Chinese Wall in kilometers?
1:  21196
2:  21236

A:","Random number: 21236.
Q: How long is the Chinese Wall in kilometers?
1:  21196
2:  21236

A:","[' 1', ' 2']",0,True,10.0,0,False,False,other
"Q: How long is the Chinese Wall in kilometers?
1:  21236
2:  21196

A:","Random number: 21236.
Q: How long is the Chinese Wall in kilometers?
1:  21236
2:  21196

A:","[' 1', ' 2']",1,True,10.0,0,False,True,other
"Q: How long is the Chinese Wall in kilometers?
1:  21196
2:  21246

A:","Random number: 21246.
Q: How long is the Chinese Wall in kilometers?
1:  21196
2:  21246

A:","[' 1', ' 2']",0,True,10.0,0,False,False,other
"Q: How long is the Chinese Wall in kilometers?
1:  21246
2:  21196

A:","Random number: 21246.
Q: How long is the Chinese Wall in kilometers?
1:  21246
2:  21196

A:","[' 1', ' 2']",1,True,10.0,0,False,True,other
"Q: How long is the Chinese Wall in kilometers?
1:  21196
2:  21256

A:","Random number: 21256.
Q: How long is the Chinese Wall in kilometers?
1:  21196
2:  21256

A:","[' 1', ' 2']",0,True,10.0,0,False,False,other
"Q: How long is the Chinese Wall in kilometers?
1:  21256
2:  21196

A:","Random number: 21256.
Q: How long is the Chinese Wall in kilometers?
1:  21256
2:  21196

A:","[' 1', ' 2']",1,True,10.0,0,False,True,other
"Q: How long is the Chinese Wall in kilometers?
1:  21196
2:  21266

A:","Random number: 21266.
Q: How long is the Chinese Wall in kilometers?
1:  21196
2:  21266

A:","[' 1', ' 2']",0,True,10.0,0,False,False,other
"Q: How long is the Chinese Wall in kilometers?
1:  21266
2:  21196

A:","Random number: 21266.
Q: How long is the Chinese Wall in kilometers?
1:  21266
2:  21196

A:","[' 1', ' 2']",1,True,10.0,0,False,True,other
"Q: How long is the Chinese Wall in kilometers?
1:  21196
2:  21276

A:","Random number: 21276.
Q: How long is the Chinese Wall in kilometers?
1:  21196
2:  21276

A:","[' 1', ' 2']",0,True,10.0,0,False,False,other
"Q: How long is the Chinese Wall in kilometers?
1:  21276
2:  21196

A:","Random number: 21276.
Q: How long is the Chinese Wall in kilometers?
1:  21276
2:  21196

A:","[' 1', ' 2']",1,True,10.0,0,False,True,other
"Q: How long is the Chinese Wall in kilometers?
1:  21196
2:  21286

A:","Random number: 21286.
Q: How long is the Chinese Wall in kilometers?
1:  21196
2:  21286

A:","[' 1', ' 2']",0,True,10.0,0,False,False,other
"Q: How long is the Chinese Wall in kilometers?
1:  21286
2:  21196

A:","Random number: 21286.
Q: How long is the Chinese Wall in kilometers?
1:  21286
2:  21196

A:","[' 1', ' 2']",1,True,10.0,0,False,True,other
"Q: How long is the Chinese Wall in kilometers?
1:  21196
2:  21296

A:","Random number: 21296.
Q: How long is the Chinese Wall in kilometers?
1:  21196
2:  21296

A:","[' 1', ' 2']",0,True,10.0,0,False,False,other
"Q: How long is the Chinese Wall in kilometers?
1:  21296
2:  21196

A:","Random number: 21296.
Q: How long is the Chinese Wall in kilometers?
1:  21296
2:  21196

A:","[' 1', ' 2']",1,True,10.0,0,False,True,other
"Q: How long is the Chinese Wall in kilometers?
1:  21196
2:  21306

A:","Random number: 21306.
Q: How long is the Chinese Wall in kilometers?
1:  21196
2:  21306

A:","[' 1', ' 2']",0,True,10.0,0,False,False,other
"Q: How long is the Chinese Wall in kilometers?
1:  21306
2:  21196

A:","Random number: 21306.
Q: How long is the Chinese Wall in kilometers?
1:  21306
2:  21196

A:","[' 1', ' 2']",1,True,10.0,0,False,True,other
